Cluster_number,MA_IDs_included,TF_names_included,Representative_MA_ID,n_members
1,MA0880.2;MA0881.2;MA0882.2;MA1481.2;MA1495.2;MA0612.3;MA0886.2;MA0027.3;MA0900.3;MA0887.2;MA0888.2;MA0890.2;MA0892.2;MA0894.2;MA0902.3;MA0903.2;MA0904.3;MA1505.2;MA0654.2;MA0704.2;MA0705.2;MA0707.3;MA0675.2;MA0132.3;MA0716.2;MA0718.2;MA0717.2;MA0630.2;MA0720.2;MA0723.3,Dlx3;Dlx4;DLX6;DRGX;HOXA1;EMX1;EMX2;EN1;HOXA2;EVX1;EVX2;GBX2;GSX1;HESX1;HOXB2;HOXB3;HOXB5;HOXC8;ISX;Lhx4;Lhx8;MNX1;NKX6-2;PDX1;PRRX1;RAX;RAX2;SHOX;Shox2;VAX2,MA0716.2,30
2,MA0009.1;MA0103.1;MA0688.1;MA0689.1;MA0690.1;MA0800.1;MA0801.1;MA0802.1;MA0803.1;MA0805.1;MA0806.1;MA0807.1;MA1565.1;MA1566.1;MA1567.1;MA0690.2;MA1566.2;MA1567.2;MA0690.3;MA0800.2;MA1566.3;MA0802.2;MA1565.2;MA0688.2;MA1567.3;MA2492.1;MA2629.1,Tbxt;ZEB1;TBX2;TBX20;TBX21;EOMES;MGA;TBR1;TBX15;TBX1;TBX4;TBX5;TBX18;TBX3;TBX6;TBX21;TBX3;Tbx6;TBX21;EOMES;TBX3;TBR1;TBX18;TBX2;Tbx6;ZNF18;GSC::TBX21,MA0689.1,27
3,MA0467.1;MA0648.1;MA0682.1;MA0711.1;MA0712.1;MA0714.1;MA0883.1;MA0891.1;MA1480.1;MA1547.1;MA0682.2;MA0712.2;MA0467.2;MA1547.2;MA0467.3;MA0883.2;MA1480.2;MA0682.3;MA0648.2;MA0891.2;MA0711.2;MA0712.3;MA0714.2;MA0719.2;MA2597.1;MA2600.1,Crx;GSC;Pitx1;OTX1;OTX2;PITX3;Dmbx1;GSC2;DPRX;PITX2;PITX1;OTX2;Crx;PITX2;Crx;Dmbx1;DPRX;PITX1;GSC;GSC2;OTX1;OTX2;PITX3;RHOXF1;LEUTX;TPRX1,MA0883.1,26
4,MA0029.1;MA0140.1;MA0035.2;MA0482.1;MA0035.3;MA0036.2;MA0037.2;MA0140.2;MA0766.1;MA0036.3;MA1104.1;MA0037.3;MA0766.2;MA0035.4;MA0482.2;MA1104.2;MA1970.1;MA0037.4;MA0140.3;MA0036.4;MA0037.5;MA0482.3;MA0766.3;MA1104.3;MA0029.2;MA1970.2,Mecom;Gata1::Tal1;Gata1;Gata4;Gata1;GATA2;GATA3;GATA1::TAL1;GATA5;GATA2;GATA6;GATA3;GATA5;GATA1;GATA4;GATA6;TRPS1;Gata3;GATA1::TAL1;GATA2;Gata3;GATA4;GATA5;GATA6;Mecom;TRPS1,MA0029.1,26
5,MA0031.1;MA0157.1;MA0042.2;MA0157.2;MA0847.1;MA0848.1;MA0849.1;MA0850.1;MA0481.2;MA1489.1;MA2117.1;MA2118.1;MA0480.2;MA0480.3;MA0047.4;MA1683.2;MA0031.2;MA1606.2;MA0030.2;MA0852.3;MA1103.3;MA0157.4;MA0481.4;MA2469.1,FOXD1;FOXO3;FOXI1;FOXO3;FOXD2;FOXO4;FOXO6;FOXP3;FOXP1;FOXN3;FOXP4;FOXS1;Foxo1;Foxo1;FOXA2;FOXA3;FOXD1;Foxf1;FOXF2;FOXK1;FOXK2;Foxo3;FOXP1;FOXM1,MA0157.1,24
6,MA1935.1;MA1936.1;MA1942.1;MA1946.1;MA1947.1;MA1950.1;MA1952.1;MA1953.1;MA1954.1;MA1955.1;MA1956.1;MA1935.2;MA1936.2;MA1942.2;MA1946.2;MA1947.2;MA1950.2;MA1952.2;MA1953.2;MA1954.2;MA1955.2;MA1956.2;MA2548.1,ERF::FOXI1;ERF::FOXO1;ETV2::FOXI1;ETV5::FOXI1;ETV5::FOXO1;FLI1::FOXI1;FOXJ2::ELF1;FOXO1::ELF1;FOXO1::ELK1;FOXO1::ELK3;FOXO1::FLI1;ERF::FOXI1;ERF::FOXO1;ETV2::FOXI1;ETV5::FOXI1;ETV5::FOXO1;FLI1::FOXI1;FOXJ2::ELF1;FOXO1::ELF1;FOXO1::ELK1;FOXO1::ELK3;FOXO1::FLI1;ZNF226,MA2548.1,23
7,MA0103.2;MA0745.1;MA0522.2;MA0830.1;MA0103.3;MA1558.1;MA1559.1;MA1631.1;MA1648.1;MA0522.3;MA0830.2;MA1631.2;MA0820.2;MA0522.4;MA1620.2;MA1558.2;MA1559.2;MA1648.2;MA0830.3;MA0103.4;MA2536.1;MA2547.1;MA2686.1,ZEB1;SNAI2;TCF3;TCF4;ZEB1;SNAI1;SNAI3;ASCL1;TCF12;TCF3;TCF4;ASCL1;FIGLA;TCF3;Ptf1A;SNAI1;SNAI3;TCF12;TCF4;ZEB1;PRDM13;ZNF215;ZEB2,MA0830.2,23
8,MA0003.1;MA0524.1;MA0003.2;MA0810.1;MA0003.3;MA0811.1;MA0812.1;MA0813.1;MA0524.2;MA0814.1;MA0815.1;MA0872.1;MA1569.1;MA0003.4;MA0814.2;MA0810.2;MA0003.5;MA0811.2;MA0812.2;MA0524.3;MA0814.3;MA1569.2;MA2002.2,TFAP2A;TFAP2C;TFAP2A;TFAP2A;TFAP2A;TFAP2B;TFAP2B;TFAP2B;TFAP2C;TFAP2C;TFAP2C;TFAP2A;TFAP2E;TFAP2A;TFAP2C;TFAP2A;TFAP2A;TFAP2B;TFAP2B;TFAP2C;TFAP2C;TFAP2E;Zfp335,MA0003.4,23
9,MA0035.1;MA0091.1;MA0095.1;MA0461.1;MA1109.1;MA1123.1;MA1618.1;MA1638.1;MA1642.1;MA1123.2;MA0668.2;MA1467.2;MA1467.3;MA1638.2;MA1524.3;MA1109.2;MA0668.3;MA1642.2;MA0091.2;MA1123.3;MA1977.2;MA1618.2,Gata1;TAL1::TCF3;YY1;Atoh1;NEUROD1;TWIST1;Ptf1a;HAND2;NEUROG2;TWIST1;Neurod2;Atoh1;Atoh1;HAND2;Msgn1;NEUROD1;Neurod2;NEUROG2;TAL1::TCF3;TWIST1;ZNF324;Ptf1A,MA1642.2,22
10,MA0651.1;MA0873.1;MA0905.1;MA0906.1;MA0908.1;MA0911.1;MA1503.1;MA1506.1;MA0594.2;MA0485.2;MA0651.2;MA0911.2;MA0594.3;MA1503.2;MA0905.2;MA0651.3;MA0906.2;MA0907.2;MA0485.3;MA1506.2;MA0908.2;MA0873.2,HOXC11;HOXD12;HOXC10;HOXC12;HOXD11;Hoxa11;HOXB9;HOXD10;HOXA9;HOXC9;HOXC11;Hoxa11;HOXA9;HOXB9;HOXC10;HOXC11;HOXC12;HOXC13;HOXC9;HOXD10;HOXD11;HOXD12,MA0485.3,22
11,MA0674.1;MA0706.1;MA0132.2;MA0723.1;MA0885.1;MA1481.1;MA1497.1;MA1500.1;MA1501.1;MA1519.1;MA0893.2;MA2093.1;MA2119.1;MA0893.3;MA1497.2;MA1500.2;MA1501.2;MA1502.2;MA1519.2;MA0706.2;MA2558.1;MA2677.1,NKX6-1;MEOX2;PDX1;VAX2;Dlx2;DRGX;HOXA6;HOXB6;HOXB7;LHX5;GSX2;HOXB1;HOXA3;GSX2;HOXA6;HOXB6;HOXB7;HOXB8;LHX5;MEOX2;MSANTD4;HOXD1,MA0674.1,22
12,MA0834.1;MA1126.1;MA1127.1;MA1129.1;MA1131.1;MA1133.1;MA1136.1;MA1139.1;MA1143.1;MA1145.1;MA1470.1;MA1140.2;MA1951.1;MA0834.2;MA1470.2;MA1951.2;MA1126.2;MA1140.3;MA1131.2;MA1139.2;MA1145.2;MA1133.2,ATF7;FOS::JUN;FOSB::JUN;FOSL1::JUN;FOSL2::JUN;JUN::JUNB;FOSB::JUNB;FOSL2::JUNB;FOSL1::JUND;FOSL2::JUND;BACH2;JUNB;FOS;ATF7;BACH2;FOS;FOS::JUN;JUNB;FOSL2::JUN;FOSL2::JUNB;FOSL2::JUND;JUN::JUNB,MA1145.2,22
13,MA0135.1;MA0628.1;MA0630.1;MA0680.1;MA0702.1;MA0703.1;MA0704.1;MA0718.1;MA0721.1;MA0780.1;MA0853.1;MA0854.1;MA0874.1;MA0702.2;MA0723.2;MA0854.2;MA0853.2;MA0874.2;MA0135.2;MA0703.3;MA0680.3,Lhx3;POU6F1;SHOX;PAX7;LMX1A;LMX1B;Lhx4;RAX;UNCX;PAX3;Alx4;Alx1;Arx;LMX1A;VAX2;Alx1;Alx4;Arx;Lhx3;LMX1B;Pax7,MA0680.3,21
14,MA0618.1;MA0621.1;MA0654.1;MA0661.1;MA0675.1;MA0075.2;MA0700.1;MA0701.1;MA0716.1;MA0717.1;MA0720.1;MA0881.1;MA0882.1;MA0892.1;MA1463.1;MA1577.1;MA0701.2;MA0075.3;MA0644.2;MA1518.2;MA1463.2,LBX1;mix-a;ISX;MEOX1;NKX6-2;Prrx2;LHX2;LHX9;PRRX1;RAX2;Shox2;Dlx4;DLX6;GSX1;ARGFX;TLX2;LHX9;PRRX2;ESX1;Lhx1;ARGFX,MA0717.1,21
15,MA0050.1;MA0051.1;MA0137.1;MA0517.1;MA0652.1;MA0653.1;MA0772.1;MA1418.1;MA1419.1;MA1420.1;MA1509.1;MA1971.1;MA0050.3;MA0050.4;MA0051.2;MA1418.2;MA1419.2;MA0772.2;MA0652.2;MA0517.2;MA1971.2,IRF1;IRF2;STAT1;STAT1::STAT2;IRF8;IRF9;IRF7;IRF3;IRF4;IRF5;IRF6;ZBED2;Irf1;Irf1;IRF2;IRF3;IRF4;IRF7;IRF8;STAT1::STAT2;ZBED2,MA0050.4,21
16,MA0142.1;MA0507.1;MA0627.1;MA0784.1;MA0785.1;MA0786.1;MA0787.1;MA0788.1;MA0789.1;MA0792.1;MA1115.1;MA0627.2;MA1962.1;MA0507.2;MA0784.2;MA0784.3;MA0785.2;MA0507.3;MA0627.3;MA0786.2;MA1115.2,Pou5f1::Sox2;POU2F2;Pou2f3;POU1F1;POU2F1;POU3F1;POU3F2;POU3F3;POU3F4;POU5F1B;POU5F1;POU2F3;POU2F1::SOX2;POU2F2;POU1F1;POU1F1;POU2F1;POU2F2;POU2F3;POU3F1;POU5F1,MA0792.1,21
17,MA0607.1;MA0623.1;MA0633.1;MA0668.1;MA0669.1;MA0678.1;MA0461.2;MA0817.1;MA0818.1;MA0826.1;MA0827.1;MA1468.1;MA1524.1;MA1568.1;MA1570.1;MA0623.2;MA0607.2;MA0818.2;MA0461.3;MA0817.2;MA1568.2,Bhlha15;Neurog1;Twist2;NEUROD2;NEUROG2;OLIG2;Atoh1;BHLHE23;BHLHE22;OLIG1;OLIG3;ATOH7;MSGN1;TCF21;TFAP4;NEUROG1;BHLHA15;BHLHE22;Atoh1;BHLHE23;TCF21,MA0461.2,21
18,MA0077.1;MA0087.1;MA1152.1;MA1561.1;MA1562.1;MA1563.1;MA0868.2;MA2095.1;MA0078.2;MA0087.2;MA1561.2;MA1562.2;MA1152.2;MA0078.3;MA0087.3;MA0868.3;MA0077.2;MA0084.2;MA2567.1;MA2684.1,SOX9;Sox5;SOX15;SOX12;SOX14;SOX18;SOX8;Sox7;Sox17;Sox5;SOX12;SOX14;SOX15;Sox17;Sox5;SOX8;SOX9;SRY;ZNF497;SOX30,MA0078.2,20
19,MA1099.1;MA0616.1;MA0622.1;MA0626.1;MA0649.1;MA0819.1;MA0821.1;MA0822.1;MA0823.1;MA0825.1;MA1493.1;MA1099.2;MA0616.2;MA0819.2;MA0821.2;MA0819.3;MA1099.3;MA0616.3;MA0649.2;MA0626.2,Hes1;Hes2;Mlxip;Npas2;HEY2;CLOCK;HES5;HES7;HEY1;MNT;HES6;HES1;HES2;CLOCK;HES5;CLOCK;HES1;HES2;HEY2;Npas2,MA0821.2,20
20,MA0028.1;MA0076.1;MA0131.1;MA0686.1;MA0759.1;MA0761.1;MA0764.1;MA0765.1;MA0028.2;MA0156.3;MA0759.2;MA0764.3;MA0765.3;MA0028.3;MA0686.2;MA0759.3;MA0763.2;MA0764.4;MA0765.4;MA0156.4,ELK1;ELK4;HINFP;SPDEF;ELK3;ETV1;ETV4;ETV5;ELK1;FEV;ELK3;ETV4;ETV5;ELK1;SPDEF;ELK3;ETV3;ETV4;ETV5;FEV,MA0759.1,20
21,MA0004.1;MA0058.1;MA0093.1;MA0104.1;MA0147.1;MA0104.2;MA0104.3;MA0608.1;MA0058.3;MA1108.1;MA0147.3;MA0104.4;MA0058.4;MA0147.4;MA0622.2;MA0825.2;MA0104.5;MA2541.1;MA2601.1,Arnt;MAX;USF1;Mycn;Myc;Mycn;Mycn;Creb3l2;MAX;MXI1;MYC;MYCN;MAX;MYC;Mlxip;MNT;MYCN;CREB3L3;USF3,MA0058.3,19
22,MA0065.1;MA0115.1;MA0065.2;MA0504.1;MA0677.1;MA0512.2;MA0855.1;MA0856.1;MA1148.1;MA1537.1;MA1550.1;MA1574.1;MA0504.2;MA1537.2;MA0677.2;MA1148.2;MA1550.2;MA0065.3;MA1574.2,PPARG::RXRA;NR1H2::RXRA;Pparg::Rxra;NR2C2;Nr2f6;Rxra;RXRB;RXRG;PPARA::RXRA;NR2F1;PPARD;THRB;NR2C2;NR2F1;Nr2f6;PPARA::RXRA;PPARD;Pparg::Rxra;THRB,MA1537.2,19
23,MA0144.1;MA0137.2;MA0463.1;MA0518.1;MA0519.1;MA0137.3;MA0144.2;MA0731.1;MA1624.1;MA1625.1;MA0463.2;MA0463.3;MA0137.4;MA0144.3;MA0518.2;MA1624.2;MA0519.2;MA1625.2;MA2555.1,Stat3;STAT1;Bcl6;Stat4;Stat5a::Stat5b;STAT1;STAT3;BCL6B;Stat5a;Stat5b;BCL6;BCL6;STAT1;STAT3;Stat4;Stat5a;Stat5a::Stat5b;Stat5b;ZNF493,MA0519.1,19
24,MA0041.1;MA0042.1;MA0047.1;MA0845.1;MA0032.2;MA0846.1;MA0851.1;MA0852.1;MA1487.1;MA0847.2;MA0041.2;MA0847.3;MA1487.2;MA0846.2;MA0847.4;MA0041.3;MA1487.3;MA0851.2,Foxd3;FOXI1;Foxa2;FOXB1;FOXC1;FOXC2;Foxj3;Foxk1;FOXE1;FOXD2;FOXD3;FOXD2;FOXE1;FOXC2;FOXD2;FOXD3;FOXE1;Foxj3,MA0032.2,18
25,MA0062.1;MA0156.1;MA0473.1;MA0474.1;MA0475.1;MA0098.2;MA0473.3;MA0761.2;MA0764.2;MA0062.3;MA1992.1;MA0474.3;MA2332.1;MA0473.4;MA0474.4;MA0761.3;MA0062.4;MA1992.2,GABPA;FEV;ELF1;Erg;FLI1;Ets1;ELF1;ETV1;ETV4;GABPA;Ikzf3;Erg;ZNF175;ELF1;Erg;ETV1;GABPA;Ikzf3,MA0156.1,18
26,MA0079.2;MA0516.1;MA0079.3;MA1653.1;MA0528.2;MA1961.1;MA1965.1;MA0079.5;MA0516.3;MA1522.2;MA1961.2;MA1965.2;MA1653.2;MA0528.3;MA2533.1;MA2565.1;MA2570.1;MA2578.1,SP1;SP2;SP1;ZNF148;ZNF263;PATZ1;SP5;SP1;SP2;MAZ;PATZ1;SP5;ZNF148;ZNF263;ZNF814;ZNF70;ZNF746;ZBTB8A,MA1522.2,18
27,MA0526.1;MA0093.2;MA0620.1;MA0692.1;MA0831.1;MA0871.1;MA0620.2;MA0526.2;MA0831.2;MA0620.3;MA0093.3;MA0526.3;MA0831.3;MA0620.4;MA0692.2;MA0871.3;MA0093.4;MA0526.5,USF2;USF1;Mitf;TFEB;TFE3;TFEC;MITF;USF2;TFE3;MITF;USF1;USF2;TFE3;MITF;TFEB;TFEC;USF1;USF2,MA0526.3,18
28,MA0141.1;MA0141.2;MA0505.1;MA0592.1;MA0643.1;MA0141.3;MA0592.2;MA1540.1;MA1541.1;MA0592.3;MA0505.2;MA1540.2;MA0592.4;MA0141.4;MA0643.2;MA1541.2;MA1540.3;MA0505.3,Esrrb;Esrrb;Nr5a2;ESRRA;Esrrg;ESRRB;Esrra;NR5A1;NR6A1;ESRRA;Nr5A2;NR5A1;ESRRA;ESRRB;Esrrg;NR6A1;Nr5a1;Nr5a2,MA0643.2,18
29,MA0152.1;MA0606.1;MA0624.1;MA0625.1;MA1525.1;MA1608.1;MA0095.3;MA0152.2;MA0606.2;MA0624.2;MA0625.2;MA1525.2;MA0606.3;MA0624.3;MA0152.3;MA0625.3;MA1525.3,NFATC2;NFAT5;NFATC1;NFATC3;NFATC4;Isl1;Yy1;Nfatc2;Nfat5;Nfatc1;NFATC3;NFATC4;Nfat5;Nfatc1;Nfatc2;NFATC3;NFATC4,MA0152.1,17
30,MA1931.1;MA1932.1;MA1937.1;MA1940.1;MA1944.1;MA1948.1;MA1949.1;MA1957.1;MA1958.1;MA1932.2;MA1937.2;MA1940.2;MA1944.2;MA1948.2;MA1949.2;MA1958.2;MA2540.1,ELK1::HOXA1;ELK1::HOXB13;ERF::HOXB13;ETV2::DRGX;ETV5::DRGX;ETV5::HOXA2;FLI1::DRGX;HOXB2::ELK1;HOXD12::ELK1;ELK1::HOXB13;ERF::HOXB13;ETV2::DRGX;ETV5::DRGX;ETV5::HOXA2;FLI1::DRGX;HOXD12::ELK1;SP140L,MA1937.1,17
31,MA0150.1;MA0501.1;MA0150.2;MA0591.1;MA1101.1;MA1633.1;MA1726.1;MA0496.3;MA0659.3;MA0591.2;MA0496.4;MA0501.2;MA0659.4;MA0150.3;MA1726.2;MA0089.2;MA0089.3,NFE2L2;MAF::NFE2;Nfe2l2;Bach1::Mafk;BACH2;BACH1;ZNF331;MAFK;Mafg;Bach1::Mafk;MAFK;MAF::NFE2;Mafg;Nfe2l2;ZNF331;MAFG::NRF1;MAFG::NRF1,MA1633.1,17
32,MA0106.1;MA0464.1;MA0525.1;MA0106.2;MA0525.2;MA0106.3;MA0861.1;MA1108.2;MA1108.3;MA0861.2;MA2559.1;MA2584.1;MA2592.1;MA2678.1;MA2679.1;MA2680.1,TP53;Bhlhe40;TP63;TP53;TP63;TP53;TP73;MXI1;MXI1;TP73;NACC2;DNTTIP1;MKX;IRX1;IRX2;IRX5,MA0861.2,16
33,MA0665.1;MA0832.1;MA1467.1;MA1472.1;MA1485.1;MA1619.1;MA1641.1;MA1993.1;MA1997.1;MA0521.2;MA0633.2;MA1472.2;MA1472.3;MA1641.2;MA1619.2;MA0832.2,MSC;Tcf21;ATOH1;BHLHA15;FERD3L;Ptf1A;MYF5;Neurod2;Olig2;Tcf12;Twist2;Bhlha15;Bhlha15;MYF5;Ptf1A;Tcf21,MA0521.2,16
34,MA0046.1;MA0153.1;MA0046.2;MA0153.2;MA0683.1;MA0722.1;MA0790.1;MA0791.1;MA0880.1;MA0902.1;MA0910.1;MA1507.1;MA0046.3;MA0790.2;MA0683.2;MA0791.2,HNF1A;HNF1B;HNF1A;HNF1B;POU4F2;VAX1;POU4F1;POU4F3;Dlx3;HOXB2;Hoxd8;HOXD4;HNF1A;POU4F1;POU4F2;POU4F3,MA0722.1,16
35,MA0694.1;MA0695.1;MA0734.1;MA0737.1;MA0750.1;MA1491.1;MA0734.2;MA1990.1;MA0734.3;MA1491.2;MA1990.2;MA0734.4;MA1491.3;MA0694.2;MA0695.2;MA0695.3,ZBTB7B;ZBTB7C;GLI2;GLIS3;ZBTB7A;GLI3;GLI2;Gli1;Gli2;GLI3;Gli1;Gli2;GLI3;ZBTB7B;ZBTB7C;ZBTB7C,MA0695.2,16
36,MA0039.2;MA0493.1;MA0657.1;MA0742.1;MA0039.3;MA1511.1;MA1512.1;MA1515.1;MA1516.1;MA1517.1;MA0079.4;MA0657.2;MA1515.2;MA1516.2;MA1517.2;MA1959.2,Klf4;Klf1;KLF13;Klf12;KLF4;KLF10;KLF11;KLF2;KLF3;KLF6;SP1;KLF13;KLF2;KLF3;KLF6;KLF7,MA0742.1,16
37,MA0500.1;MA0521.1;MA0048.2;MA0816.1;MA1100.1;MA1100.2;MA1721.1;MA1635.1;MA0500.2;MA1938.1;MA1100.3;MA1938.2;MA0048.3;MA0500.3;MA1721.2;MA2581.1,Myog;Tcf12;NHLH1;Ascl2;ASCL1;ASCL1;ZNF93;BHLHE22;MYOG;ERF::NHLH1;ASCL1;ERF::NHLH1;NHLH1;MYOG;ZNF93;ZNF66,MA1938.2,16
38,MA0102.1;MA0102.2;MA0466.1;MA0102.3;MA0466.2;MA0836.1;MA0837.1;MA0838.1;MA0102.4;MA0836.2;MA0466.3;MA0837.2;MA0102.5;MA0466.4;MA0836.3;MA0837.3,Cebpa;CEBPA;CEBPB;CEBPA;CEBPB;CEBPD;CEBPE;CEBPG;CEBPA;CEBPD;CEBPB;CEBPE;CEBPA;CEBPB;CEBPD;CEBPE,MA0102.3,16
39,MA0122.1;MA0672.1;MA0673.1;MA0122.2;MA0124.2;MA0122.3;MA0063.2;MA1994.1;MA2003.1;MA2336.1;MA0914.2;MA0672.2;MA2003.2;MA0124.3;MA0122.4;MA2598.1,Nkx3-2;NKX2-3;NKX2-8;NKX3-2;Nkx3-1;Nkx3-2;NKX2-5;Nkx2-1;NKX2-4;ZSCAN21;ISL2;NKX2-3;NKX2-4;Nkx3-1;Nkx3-2;MSANTD1,MA2336.1,16
40,MA0509.1;MA0510.1;MA0600.1;MA0600.2;MA0798.1;MA0799.1;MA0510.2;MA1554.1;MA1724.1;MA0509.2;MA0798.2;MA0509.3;MA0798.3;MA0600.3;MA0510.3;MA1554.2,Rfx1;RFX5;RFX2;RFX2;RFX3;RFX4;RFX5;RFX7;Rfx6;RFX1;RFX3;RFX1;RFX3;RFX2;RFX5;RFX7,MA0509.3,16
41,MA0063.1;MA0896.1;MA0897.1;MA0898.1;MA0914.1;MA1983.1;MA0879.2;MA0885.2;MA1476.2;MA1498.2;MA0885.3;MA0896.2;MA0897.2;MA0898.2;MA1983.2,Nkx2-5;Hmx1;Hmx2;Hmx3;ISL2;ZNF582;DLX1;Dlx2;Dlx5;HOXA7;Dlx2;Hmx1;Hmx2;Hmx3;ZNF582,MA1476.2,15
42,MA0679.1;MA0754.1;MA0755.1;MA0756.1;MA0757.1;MA0679.2;MA2102.1;MA0680.2;MA0754.2;MA0756.2;MA0754.3;MA0755.2;MA0756.3;MA0679.3;MA0757.2,ONECUT1;CUX1;CUX2;ONECUT2;ONECUT3;ONECUT1;ZBTB17;Pax7;CUX1;ONECUT2;CUX1;CUX2;ONECUT2;ONECUT1;ONECUT3,MA2102.1,15
43,MA0465.1;MA0878.1;MA0899.1;MA0913.1;MA1473.1;MA0878.2;MA0913.2;MA0465.2;MA0878.3;MA0465.3;MA1473.2;MA0899.2;MA0913.3;MA2523.1;MA2595.1,CDX2;CDX1;HOXA10;Hoxd9;CDX4;CDX1;HOXD9;CDX2;CDX1;CDX2;CDX4;HOXA10;HOXD9;ZNF689;ZNF700,MA0878.2,15
44,MA0099.1;MA0099.2;MA0477.1;MA0478.1;MA1928.1;MA1988.1;MA0489.2;MA1988.2;MA1634.2;MA0462.3;MA0489.3;MA0835.3;MA1928.2;MA0478.2;MA2486.1,Fos::Jun;FOS::JUN;FOSL1;FOSL2;BNC2;Atf3;Jun;Atf3;BATF;BATF::JUN;Jun;BATF3;BNC2;FOSL2;Fosb,MA1634.2,15
45,MA1110.1;MA1146.1;MA1147.1;MA1535.1;MA1536.1;MA1538.1;MA1539.1;MA1110.2;MA2337.1;MA1996.2;MA1110.3;MA1146.2;MA1535.2;MA1536.2;MA1147.2,NR1H4;NR1H4::RXRA;NR4A2::RXRA;NR2C1;NR2C2;NR2F1;NR2F6;Nr1H4;Nr1h3;Nr1H2;Nr1H4;NR1H4::RXRA;NR2C1;NR2C2;NR4A2::RXRA,MA1110.2,15
46,MA0024.1;MA0469.2;MA0024.3;MA0864.1;MA0864.2;MA0469.3;MA0470.2;MA1727.1;MA2126.1;MA0864.3;MA0469.4;MA0470.3;MA1727.2;MA2535.1,E2F1;E2F3;E2F1;E2F2;E2F2;E2F3;E2F4;ZNF417;Zfp961;E2F2;E2F3;E2F4;ZNF417;MYPOP,MA0470.3,14
47,MA0132.1;MA0725.1;MA0726.1;MA0887.1;MA0888.1;MA0644.3;MA0889.2;MA0618.2;MA0701.3;MA0661.2;MA0710.2;MA0075.4;MA0725.2;MA0726.2,Pdx1;VSX1;VSX2;EVX1;EVX2;ESX1;GBX1;LBX1;LHX9;MEOX1;NOTO;PRRX2;VSX1;VSX2,MA0701.3,14
48,MA0655.1;MA1134.1;MA1135.1;MA1137.1;MA1138.1;MA1142.1;MA1144.1;MA1134.2;MA0490.3;MA1135.2;MA0477.3;MA1137.2;MA1138.2;MA1144.2,JDP2;FOS::JUNB;FOSB::JUNB;FOSL1::JUNB;FOSL2::JUNB;FOSL1::JUND;FOSL2::JUND;FOS::JUNB;JUNB;FOSB::JUNB;FOSL1;FOSL1::JUNB;FOSL2::JUNB;FOSL2::JUND,MA1144.1,14
49,MA0696.1;MA0697.1;MA0751.1;MA1584.1;MA1585.1;MA1628.1;MA1629.1;MA0697.2;MA1628.2;MA1629.2;MA0697.3;MA0751.2;MA1584.2;MA1585.2,ZIC1;ZIC3;ZIC4;ZIC5;ZKSCAN1;Zic1::Zic2;Zic2;Zic3;Zic1::Zic2;Zic2;Zic3;ZIC4;ZIC5;ZKSCAN1,MA0697.2,14
50,MA0007.1;MA0113.1;MA0007.2;MA0113.2;MA0007.3;MA0113.3;MA0727.1;MA1533.1;MA2323.1;MA2327.1;MA0007.4;MA1533.2;MA0113.4;MA0727.2,Ar;NR3C1;AR;NR3C1;Ar;NR3C1;NR3C2;NR1I2;Pgr;PGR;Ar;NR1I2;NR3C1;NR3C2,MA0113.3,14
51,MA0075.1;MA0875.1;MA0877.1;MA0875.2;MA0876.2;MA0879.3;MA1476.3;MA1498.3;MA0910.3;MA0700.3;MA0666.3;MA0708.3;MA0709.2;MA0125.2,Prrx2;BARX1;Barhl1;BARX1;BSX;DLX1;Dlx5;HOXA7;HOXD8;LHX2;MSX1;MSX2;Msx3;Nobox,MA0700.3,14
52,MA0119.1;MA0161.1;MA0670.1;MA0671.1;MA0161.2;MA1527.1;MA1528.1;MA1643.1;MA0670.2;MA1643.2;MA0161.3;MA1527.2;MA0671.2;MA1528.2,NFIC::TLX1;NFIC;NFIA;NFIX;NFIC;NFIC;NFIX;NFIB;NFIA;NFIB;NFIC;NFIC;NFIX;NFIX,MA1528.1,14
53,MA0650.1;MA0901.1;MA0909.1;MA0650.2;MA0909.2;MA0901.2;MA1963.1;MA0650.3;MA0909.3;MA0650.4;MA0901.3;MA0909.4;MA1963.2;MA2518.1,HOXA13;HOXB13;HOXD13;HOXA13;HOXD13;HOXB13;SATB1;Hoxa13;Hoxd13;Hoxa13;HOXB13;Hoxd13;SATB1;ZNF551,MA0909.1,14
54,MA0117.1;MA0495.1;MA0496.1;MA0659.1;MA0117.2;MA0842.1;MA0495.2;MA0496.2;MA0842.2;MA0495.3;MA0659.2;MA0117.3;MA0495.4;MA0842.3,Mafb;MAFF;MAFK;MAFG;Mafb;NRL;MAFF;MAFK;NRL;MAFF;MAFG;Mafb;MAFF;NRL,MA0495.3,14
55,MA0014.1;MA0069.1;MA0014.2;MA0779.1;MA0781.1;MA0014.3;MA0067.2;MA0779.2;MA0014.4;MA0781.2;MA0067.3;MA2094.1;MA0089.1,Pax5;PAX6;PAX5;PAX1;PAX9;PAX5;PAX2;PAX1;PAX5;PAX9;PAX2;PAX8;MAFG::NRF1,MA0014.3,13
56,MA0074.1;MA0512.1;MA0728.1;MA0729.1;MA0857.1;MA0859.1;MA0693.2;MA1573.1;MA0693.3;MA1573.2;MA0859.2;MA0693.4;MA2521.1,RXRA::VDR;Rxra;Nr2F6;RARA;Rarb;Rarg;VDR;THAP11;Vdr;Thap11;Rarg;Vdr;FIZ1,MA1573.1,13
57,MA0105.1;MA0101.1;MA0105.2;MA0107.1;MA0105.3;MA0105.4;MA0778.1;MA1117.1;MA0056.2;MA0056.3;MA0778.2;MA1117.2;MA2534.1,NFKB1;REL;NFKB1;RELA;NFKB1;NFKB1;NFKB2;RELB;MZF1;MZF1;NFKB2;RELB;ZNF831,MA0101.1,13
58,MA0599.1;MA1522.1;MA0039.4;MA1959.1;MA0493.2;MA0685.2;MA0740.2;MA0742.2;MA1511.2;MA0493.3;MA0039.5;MA2517.1;MA2681.1,KLF5;MAZ;KLF4;KLF7;KLF1;SP4;KLF14;KLF12;KLF10;KLF1;KLF4;ZSCAN25;KLF8,MA2681.1,13
59,MA0006.1;MA0162.1;MA0472.2;MA0732.1;MA0733.1;MA0162.3;MA1650.1;MA0506.2;MA0162.5;MA0732.2;MA0733.2;MA1650.2;MA0506.3,Ahr::Arnt;Egr1;EGR2;EGR3;EGR4;EGR1;ZBTB14;Nrf1;EGR1;EGR3;EGR4;ZBTB14;Nrf1,MA0162.1,13
60,MA0469.1;MA0470.1;MA0471.1;MA0024.2;MA0758.1;MA0865.1;MA1122.1;MA0471.2;MA0865.2;MA0471.3;MA0865.3;MA1122.2;MA0748.3,E2F3;E2F4;E2F6;E2F1;E2F7;E2F8;TFDP1;E2F6;E2F8;E2F6;E2F8;TFDP1;YY2,MA0865.1,13
61,MA0052.1;MA0497.1;MA0052.2;MA0660.1;MA0052.3;MA0773.1;MA0052.4;MA1978.1;MA2124.1;MA0052.5;MA0497.2;MA0108.3;MA1978.2,MEF2A;MEF2C;MEF2A;MEF2B;MEF2A;MEF2D;MEF2A;ZNF354A;Hmga1;MEF2A;MEF2C;TBP;ZNF354A,MA0773.1,13
62,MA0681.1;MA0707.1;MA0713.1;MA0715.1;MA0884.1;MA0893.1;MA0912.1;MA0703.2;MA0681.2;MA0611.2;MA0884.2;MA0611.3;MA0681.3,Phox2b;MNX1;PHOX2A;PROP1;DUXA;GSX2;Hoxd3;LMX1B;PHOX2B;Dux;DUXA;Dux;PHOX2B,MA0681.1,13
63,MA0067.1;MA0603.1;MA0632.1;MA0636.1;MA0663.1;MA0464.2;MA1464.1;MA0871.2;MA1464.2;MA0603.2;MA0464.3;MA0664.2;MA2628.1,Pax2;Arntl;Tcfl5;BHLHE41;MLX;BHLHE40;ARNT2;TFEC;ARNT2;Arntl;BHLHE40;MLXIPL;HELT,MA0632.1,13
64,MA0018.1;MA0605.1;MA0638.1;MA0839.1;MA0844.1;MA1466.1;MA1474.1;MA1466.2;MA0638.2;MA0839.2;MA1474.2;MA1475.2;MA0844.2,CREB1;Atf3;CREB3;CREB3L1;XBP1;ATF6;CREB3L4;ATF6;CREB3;CREB3L1;CREB3L4;CREB3L4;XBP1,MA0638.1,13
65,MA0090.1;MA0090.2;MA0808.1;MA0809.1;MA1121.1;MA1600.1;MA0090.3;MA0809.2;MA0090.4;MA1121.2;MA0809.3;MA1600.2;MA2580.1,TEAD1;TEAD1;TEAD3;TEAD4;TEAD2;ZNF684;TEAD1;TEAD4;TEAD1;TEAD2;TEAD4;ZNF684;ZNF20,MA0809.2,13
66,MA0017.1;MA0114.1;MA0484.1;MA0114.2;MA0114.3;MA1494.1;MA1534.1;MA0114.4;MA0484.2;MA1494.2;MA0114.5;MA0484.3;MA1534.2,NR2F1;HNF4A;HNF4G;HNF4A;Hnf4a;HNF4A;NR1I3;HNF4A;HNF4G;HNF4A;HNF4A;HNF4G;NR1I3,MA1494.1,13
67,MA0499.1;MA1529.1;MA1934.1;MA1941.1;MA1945.1;MA1966.1;MA1967.1;MA1934.2;MA1941.2;MA1945.2;MA1529.2;MA1966.2;MA1967.2,Myod1;NHLH2;ERF::FIGLA;ETV2::FIGLA;ETV5::FIGLA;TFAP4::ETV1;TFAP4::FLI1;ERF::FIGLA;ETV2::FIGLA;ETV5::FIGLA;NHLH2;TFAP4::ETV1;TFAP4::FLI1,MA1967.1,13
68,MA0027.2;MA0658.1;MA0068.2;MA0705.1;MA0710.1;MA0886.1;MA0889.1;MA0890.1;MA0612.2;MA1518.3;MA0658.2;MA2563.1,EN1;LHX6;PAX4;Lhx8;NOTO;EMX2;GBX1;GBX2;EMX1;Lhx1;LHX6;TIGD7,MA2563.1,12
69,MA0039.1;MA0481.1;MA0050.2;MA1125.1;MA1623.1;MA1623.2;MA1125.2;MA2489.1;MA2513.1;MA2554.1;MA2593.1;MA2689.1,Klf4;FOXP1;IRF1;ZNF384;Stat2;Stat2;ZNF384;ZFP28;FLYWCH1;ZNF471;ZNF362;ZNF470,MA1623.2,12
70,MA0060.1;MA0070.1;MA0502.1;MA0060.2;MA0611.1;MA0060.3;MA1644.1;MA0502.2;MA0060.4;MA0502.3;MA1644.2;MA2542.1,NFYA;PBX1;NFYB;NFYA;Dux;NFYA;NFYC;NFYB;NFYA;NFYB;NFYC;SCAND3,MA0502.2,12
71,MA0066.1;MA0112.1;MA0112.2;MA0258.1;MA0258.2;MA0112.3;MA1531.1;MA1532.1;MA1532.2;MA0112.4;MA1531.2;MA0066.2,PPARG;ESR1;ESR1;ESR2;ESR2;ESR1;NR1D1;NR1D2;NR1D2;ESR1;NR1D1;PPARG,MA1531.1,12
72,MA0081.1;MA0080.3;MA0080.4;MA0687.1;MA1508.1;MA0080.5;MA0081.2;MA2120.1;MA0080.6;MA0080.7;MA0081.3;MA0687.2,SPIB;Spi1;SPI1;SPIC;IKZF1;SPI1;SPIB;ZNF184;Spi1;Spi1;SPIB;SPIC,MA0081.3,12
73,MA0610.1;MA0631.1;MA1478.1;MA1479.1;MA1603.1;MA1707.1;MA0610.2;MA1707.2;MA1478.2;MA1479.2;MA0631.2;MA2484.1,DMRT3;Six3;DMRTA2;DMRTC2;Dmrt1;DMRTA1;DMRT3;DMRTA1;DMRTA2;DMRTC2;Six3;Dmrtb1,MA0610.1,12
74,MA0002.1;MA0483.1;MA0511.1;MA0684.1;MA0511.2;MA0684.2;MA1989.1;MA1989.2;MA0483.2;MA0684.3;MA0002.2;MA0002.3,RUNX1;Gfi1B;RUNX2;RUNX3;RUNX2;RUNX3;Bcl11B;Bcl11B;Gfi1B;RUNX3;Runx1;Runx1,MA0684.1,12
75,MA0475.2;MA0760.1;MA0474.2;MA0098.3;MA0762.1;MA0156.2;MA1484.1;MA0760.2;MA0098.4;MA1484.2;MA0762.2;MA0475.3,FLI1;ERF;ERG;ETS1;ETV2;FEV;ETS2;ERF;ETS1;ETS2;ETV2;FLI1,MA0760.2,12
76,MA0116.1;MA0154.1;MA0154.2;MA0154.3;MA1604.1;MA1637.1;MA0154.4;MA2122.1;MA0154.5;MA1604.2;MA1637.2;MA0116.2,Znf423;EBF1;EBF1;EBF1;Ebf2;EBF3;EBF1;Ebf4;EBF1;Ebf2;EBF3;ZNF423,MA0154.5,12
77,MA0030.1;MA0040.1;MA0084.1;MA0593.1;MA0613.1;MA0614.1;MA0033.2;MA1103.1;MA1606.1;MA0157.3;MA0593.2;MA0040.2,FOXF2;Foxq1;SRY;FOXP2;FOXG1;Foxj2;FOXL1;FOXK2;Foxf1;Foxo3;FOXP2;Foxq1,MA1606.1,12
78,MA0160.1;MA0017.2;MA1111.1;MA1112.1;MA1112.2;MA1996.1;MA0160.2;MA2338.1;MA0017.3;MA1111.2;MA1112.3;MA0160.3,NR4A2;NR2F1;NR2F2;NR4A1;NR4A1;Nr1H2;NR4A2;Ppara;NR2F1;NR2F2;NR4A1;NR4A2,MA0160.2,12
79,MA0476.1;MA0489.1;MA0490.1;MA0491.1;MA0099.3;MA1128.1;MA1130.1;MA1141.1;MA0099.4;MA1141.2;MA1128.2;MA1130.2,FOS;JUN;JUNB;JUND;FOS::JUN;FOSL1::JUN;FOSL2::JUN;FOS::JUND;FOS::JUN;FOS::JUND;FOSL1::JUN;FOSL2::JUN,MA0491.1,12
80,MA0025.1;MA0043.1;MA0639.1;MA0043.2;MA0840.1;MA0843.1;MA0043.3;MA0025.2;MA0639.2;MA0843.2;MA0043.4;MA0025.3,NFIL3;HLF;DBP;HLF;Creb5;TEF;HLF;NFIL3;DBP;TEF;HLF;NFIL3,MA0043.3,12
81,MA0685.1;MA0740.1;MA0741.1;MA0746.1;MA0747.1;MA1564.1;MA0516.2;MA0746.2;MA1512.2;MA0746.3;MA0747.2;MA1564.2,SP4;KLF14;KLF16;SP3;SP8;SP9;SP2;SP3;KLF11;SP3;SP8;SP9,MA1564.2,12
82,MA0743.1;MA0744.1;MA0820.1;MA1620.1;MA0499.2;MA0743.2;MA0744.2;MA0745.2;MA0499.3;MA0743.3;MA0744.3;MA0745.3,SCRT1;SCRT2;FIGLA;Ptf1A;MYOD1;SCRT1;SCRT2;SNAI2;MYOD1;SCRT1;SCRT2;SNAI2,MA0743.2,12
83,MA0038.1;MA0485.1;MA0594.1;MA0038.2;MA1639.1;MA1640.1;MA1113.2;MA0038.3;MA1639.2;MA1640.2;MA1113.3,Gfi1;Hoxc9;Hoxa9;GFI1;MEIS1;MEIS2;PBX2;GFI1;MEIS1;MEIS2;PBX2,MA0038.1,11
84,MA0163.1;MA0753.1;MA1578.1;MA0753.2;MA1976.1;MA1630.2;MA1578.2;MA1630.3;MA1976.2;MA0753.3;MA2510.1,PLAG1;ZNF740;VEZF1;ZNF740;ZNF320;ZNF281;VEZF1;ZNF281;ZNF320;ZNF740;ZBTB41,MA1976.1,11
85,MA0062.2;MA0076.2;MA0641.1;MA0645.1;MA0750.2;MA0765.2;MA2329.1;MA1708.2;MA0076.3;MA0645.2;MA0750.3,Gabpa;ELK4;ELF4;ETV6;ZBTB7A;ETV5;ZBTB11;ETV7;ELK4;ETV6;ZBTB7A,MA0765.2,11
86,MA0488.1;MA0492.1;MA0656.1;MA0018.3;MA0605.2;MA1632.1;MA0018.4;MA1632.2;MA0605.3;MA0488.2;MA0492.2,JUN;JUND;JDP2;CREB1;ATF3;ATF2;CREB1;ATF2;ATF3;JUN;JUND,MA0488.1,11
87,MA0148.1;MA0047.2;MA0148.2;MA0148.3;MA0852.2;MA1607.1;MA1683.1;MA0047.3;MA1103.2;MA0481.3;MA1607.2,FOXA1;Foxa2;FOXA1;FOXA1;FOXK1;Foxl2;FOXA3;FOXA2;FOXK2;FOXP1;Foxl2,MA1103.2,11
88,MA0125.1;MA0666.1;MA0699.1;MA0708.1;MA0709.1;MA0876.1;MA0700.2;MA0642.2;MA0666.2;MA0708.2;MA0642.3,Nobox;MSX1;LBX2;MSX2;Msx3;BSX;LHX2;EN2;MSX1;MSX2;EN2,MA0700.2,11
89,MA0442.1;MA0514.1;MA0515.1;MA0143.3;MA0442.2;MA1588.1;MA0867.2;MA0869.2;MA0442.3;MA0869.3;MA0867.3,SOX10;Sox3;Sox6;Sox2;SOX10;ZNF136;SOX4;Sox11;SOX10;Sox11;SOX4,MA0867.2,11
90,MA0523.1;MA0768.1;MA0769.1;MA1421.1;MA0769.2;MA1991.1;MA0768.2;MA1991.2;MA0768.3;MA0769.3;MA0523.2,TCF7L2;LEF1;Tcf7;TCF7L1;TCF7;Hnf1A;Lef1;Hnf1A;Lef1;TCF7;TCF7L2,MA0769.1,11
91,MA0498.1;MA0498.2;MA0774.1;MA0775.1;MA1113.1;MA1114.1;MA0782.2;MA0498.3;MA0775.2;MA1114.2;MA0782.3,Meis1;MEIS1;MEIS2;MEIS3;PBX2;PBX3;PKNOX1;MEIS1;MEIS3;PBX3;PKNOX1,MA1114.1,11
92,MA0595.1;MA0664.1;MA0828.1;MA0829.1;MA0829.2;MA1939.1;MA0526.4;MA0828.2;MA0828.3;MA1939.2;MA0829.3,SREBF1;MLXIPL;SREBF2;Srebf1;SREBF1;ERF::SREBF2;USF2;SREBF2;SREBF2;ERF::SREBF2;SREBF1,MA0664.1,11
93,MA0048.1;MA0522.1;MA0691.1;MA1635.2;MA1993.2;MA1997.2;MA0521.3;MA0633.3;MA2532.1;MA2589.1,NHLH1;Tcf3;TFAP4;BHLHE22;Neurod2;Olig2;Tcf12;Twist2;ZNF780B;ZNF728,MA2589.1,10
94,MA0092.1;MA0486.1;MA0486.2;MA0770.1;MA0771.1;MA1579.1;MA1649.1;MA1649.2;MA1579.2;MA2676.1,Hand1::Tcf3;HSF1;HSF1;HSF2;HSF4;ZBTB26;ZBTB12;ZBTB12;ZBTB26;HSF5,MA2676.1,10
95,MA0136.1;MA0080.2;MA0136.2;MA1708.1;MA0598.3;MA0640.2;MA0136.3;MA0598.4;MA0640.3;MA0136.4,ELF5;SPI1;ELF5;ETV7;EHF;ELF3;Elf5;EHF;ELF3;Elf5,MA0136.3,10
96,MA1513.1;MA1713.1;MA2328.1;MA1513.2;MA1713.2;MA2538.1;MA2539.1;MA2546.1;MA2566.1;MA2583.1,KLF15;ZNF610;ZBED4;KLF15;ZNF610;CGGBP1;SLC2A4RG;ZNF131;ZNF395;ZNF142,MA2328.1,10
97,MA0793.1;MA1530.1;MA1549.1;MA1499.2;MA1504.2;MA1530.2;MA1549.2;MA0793.2;MA2551.1;MA2561.1,POU6F2;NKX6-3;POU6F1;HOXB4;HOXC4;NKX6-3;POU6F1;POU6F2;ZNF286B;TIGD4,MA1530.1,10
98,MA0259.1;MA1106.1;MA1560.1;MA0632.2;MA2325.1;MA1106.2;MA1560.2;MA0632.3;MA2674.1;MA2683.1,ARNT::HIF1A;HIF1A;SOHLH2;TCFL5;EPAS1;HIF1A;SOHLH2;TCFL5;HIF3A;NPAS3,MA2683.1,10
99,MA0151.1;MA1499.1;MA1504.1;MA0634.2;MA0601.2;MA0702.3;MA0621.2;MA0674.2;MA0722.2;MA1975.2,Arid3a;HOXB4;HOXC4;ALX3;Arid3b;LMX1A;mix-a;NKX6-1;VAX1;ZNF214,MA0151.1,10
100,MA0073.1;MA0472.1;MA1107.1;MA1155.1;MA0162.4;MA1107.2;MA1107.3;MA0073.2;MA2507.1;MA2515.1,RREB1;Egr2;KLF9;ZSCAN4;EGR1;KLF9;KLF9;RREB1;NACC2;ZNF865,MA2515.1,10
101,MA0149.1;MA0528.1;MA1714.1;MA1723.1;MA1987.1;MA1723.2;MA1714.2;MA1987.2;MA2531.1,EWSR1-FLI1;ZNF263;ZNF675;PRDM9;ZNF701;PRDM9;ZNF675;ZNF701;ZNF775,MA1987.2,9
102,MA0462.1;MA0462.2;MA1634.1;MA0835.2;MA0477.2;MA0490.2;MA0491.2;MA1633.2;MA0476.2,BATF::JUN;BATF::JUN;BATF;BATF3;FOSL1;JUNB;JUND;BACH1;FOS,MA0477.2,9
103,MA0155.1;MA1548.1;MA1615.1;MA1615.2;MA1548.2;MA2576.1;MA2577.1;MA2596.1;MA1976.3,INSM1;PLAGL2;Plagl1;Plagl1;PLAGL2;ZXDB;ZXDC;ZXDA;ZNF320,MA2577.1,9
104,MA0019.1;MA0833.1;MA1720.1;MA1636.1;MA0833.2;MA0833.3;MA1636.2;MA0019.2;MA1720.2,Ddit3::Cebpa;ATF4;ZNF85;CEBPG;ATF4;ATF4;CEBPG;Ddit3::Cebpa;ZNF85,MA0019.2,9
105,MA1552.1;MA1553.1;MA1555.1;MA1556.1;MA1985.1;MA1995.1;MA1995.2;MA1552.2;MA1553.2,RARB;RARG;RXRB;RXRG;ZNF669;Npas4;Npas4;RARB;RARG,MA1985.1,9
106,MA1120.1;MA0143.4;MA0514.2;MA0143.5;MA1120.2;MA0514.3;MA2457.1;MA2458.1;MA2586.1,SOX13;SOX2;Sox3;SOX2;SOX13;Sox3;ZNF260;ZNF146;ZNF518B,MA0514.3,9
107,MA0508.1;MA0508.2;MA1731.1;MA0508.3;MA0508.4;MA1731.2;MA2496.1;MA2522.1,PRDM1;PRDM1;ZNF768;PRDM1;PRDM1;ZNF768;ZNF596;ZNF683,MA2522.1,8
108,MA0100.1;MA0100.2;MA0782.1;MA0783.1;MA0796.1;MA0797.1;MA1571.1;MA1572.1,Myb;Myb;PKNOX1;PKNOX2;TGIF1;TGIF2;TGIF2LX;TGIF2LY,MA0100.1,8
109,MA0071.1;MA0072.1;MA1150.1;MA1151.1;MA0072.2;MA1150.2;MA1151.2;MA2560.1,RORA;RORA;RORB;RORC;RORA;RORB;RORC;POGK,MA1150.1,8
110,MA0088.1;MA0088.2;MA1116.1;MA1716.1;MA2125.1;MA1116.2;MA1716.2;MA0088.3,znf143;ZNF143;RBPJ;ZNF76;Zfp809;RBPJ;ZNF76;ZNF143,MA0088.2,8
111,MA1495.1;MA1498.1;MA1502.1;MA1505.1;MA1518.1;MA0158.2;MA0904.2;MA0910.2,HOXA1;HOXA7;HOXB8;HOXC8;LHX1;HOXA5;HOXB5;HOXD8,MA1502.1,8
112,MA1979.1;MA1986.1;MA2121.1;MA1979.2;MA1986.2;MA2582.1;MA2603.1,ZNF416;ZNF692;ZNF213;ZNF416;ZNF692;ZNF121;ZFTA,MA2121.1,7
113,MA1520.1;MA1521.1;MA2100.1;MA2334.1;MA1520.2;MA1521.2;MA2599.1,MAF;MAFA;ZSCAN16;ZNF547;MAF;MAFA;TIGD3,MA1520.1,7
114,MA0598.2;MA0640.1;MA0473.2;MA1483.1;MA1483.2;MA1483.3;MA2594.1,EHF;ELF3;ELF1;ELF2;ELF2;ELF2;DMTF1,MA1483.2,7
115,MA0494.1;MA0860.1;MA1576.1;MA1969.1;MA0494.2;MA1969.2;MA1576.2,Nr1h3::Rxra;Rarg;THRB;THRA;Nr1h3::Rxra;THRA;THRB,MA1969.2,7
116,MA1118.1;MA1119.1;MA2098.1;MA2001.1;MA1118.2;MA1119.2;MA2001.2,SIX1;SIX2;ZNF766;Six4;SIX1;SIX2;Six4,MA1119.2,7
117,MA0647.1;MA1105.1;MA1105.2;MA1968.1;MA0647.2;MA1105.3;MA1968.2,GRHL1;GRHL2;GRHL2;TFCP2;GRHL1;GRHL2;TFCP2,MA1105.3,7
118,MA0164.1;MA1711.1;MA1646.1;MA0164.2;MA1646.2;MA1711.2,Nr2e3;ZNF343;OSR2;Nr2e3;OSR2;ZNF343,MA0164.2,6
119,MA0138.1;MA0138.2;MA1728.1;MA0138.3;MA1655.2;MA1728.2,REST;REST;ZNF549;REST;ZNF341;ZNF549,MA0138.3,6
120,MA0139.1;MA1102.1;MA1715.1;MA1102.2;MA0139.2;MA1102.3,CTCF;CTCFL;ZNF707;CTCFL;CTCF;CTCFL,MA0139.1,6
121,MA0095.2;MA0748.1;MA1651.1;MA0748.2;MA0095.4;MA1651.2,YY1;YY2;ZFP42;YY2;Yy1;ZFP42,MA0095.4,6
122,MA0604.1;MA0609.1;MA0615.1;MA0862.1;MA1140.1;MA0615.2,Atf1;Crem;Gmeb1;GMEB2;JUNB;Gmeb1,MA1140.1,6
123,MA0635.1;MA0777.1;MA0877.2;MA0877.3;MA0877.4;MA0635.2,BARHL2;MYBL2;BARHL1;BARHL1;BARHL1;BARHL2,MA0635.2,6
124,MA0033.1;MA1718.1;MA1974.1;MA1974.2;MA2537.1;MA2544.1,FOXL1;ZNF8;ZNF211;ZNF211;SALL3;ZKSCAN4,MA0033.1,6
125,MA0776.1;MA0895.1;MA1657.1;MA0895.2;MA1657.2;MA2543.1,MYBL1;HMBOX1;ZNF652;HMBOX1;ZNF652;ZBTB47,MA1657.1,6
126,MA0642.1;MA0644.1;MA0894.1;MA0900.1;MA0904.1;MA2685.1,EN2;ESX1;HESX1;HOXA2;Hoxb5;TLX3,MA2685.1,6
127,MA0083.1;MA0083.2;MA0083.3;MA2562.1;MA2692.1,SRF;SRF;SRF;TIGD5;ZNF43,MA0083.3,5
128,MA0145.1;MA0145.2;MA2341.1;MA0092.2;MA1973.2,Tfcp2l1;Tfcp2l1;FEZF2;Hand1::Tcf3;ZKSCAN3,MA2341.1,5
129,MA0629.1;MA1593.1;MA0629.2;MA1593.2;MA2495.1,Rhox11;ZNF317;Rhox11;ZNF317;ZNF490,MA0629.2,5
130,MA0667.1;MA0698.1;MA0100.3;MA0100.4;MA0698.2,MYF6;ZBTB18;MYB;MYB;ZBTB18,MA0100.4,5
131,MA1523.1;MA1645.1;MA1523.2;MA1645.2;MA0063.3,MSANTD3;NKX2-2;MSANTD3;NKX2-2;NKX2-5,MA1523.1,5
132,MA0146.1;MA0146.2;MA2123.1;MA1724.2;MA0146.3,Zfx;Zfx;Hand1;Rfx6;Zfx,MA0146.1,5
133,MA0079.1;MA1599.1;MA1656.1;MA1656.2;MA1599.2,SP1;ZNF682;ZNF449;ZNF449;ZNF682,MA1656.2,5
134,MA0159.1;MA0730.1;MA0858.1;MA1149.1;MA1149.2,RARA::RXRA;RARA;Rarb;RARA::RXRG;RARA::RXRG,MA0730.1,5
135,MA0795.1;MA1153.1;MA1557.1;MA1153.2;MA2585.1,SMAD3;Smad4;SMAD5;Smad4;ZNF500,MA0795.1,5
136,MA1709.1;MA2101.1;MA0739.2;MA1709.2;MA2568.1,ZIM3;ZNF677;Hic1;ZIM3;ZNF568,MA2101.1,5
137,MA0646.1;MA0767.1;MA0646.2;MA0767.2;MA2579.1,GCM1;GCM2;GCM1;GCM2;ZBTB8B,MA0646.2,5
138,MA0527.1;MA0749.1;MA0749.2;MA0527.2;MA2503.1,ZBTB33;ZBED1;ZBED1;ZBTB33;Banp,MA0527.2,5
139,MA1475.1;MA0609.2;MA0018.5;MA0840.2;MA0609.3,CREB3L4;CREM;CREB1;Creb5;CREM,MA1475.1,5
140,MA1712.1;MA2330.1;MA1712.2;MA2550.1;MA2569.1,ZNF454;ZBTB24;ZNF454;ZNF275;ZNF676,MA1712.2,5
141,MA0794.1;MA1592.1;MA1592.2;MA2490.1,PROX1;ZNF274;ZNF274;ZFP3,MA0794.1,4
142,MA1710.1;MA1652.1;MA1710.2;MA2587.1,ZNF257;ZKSCAN5;ZNF257;ZNF672,MA2587.1,4
143,MA0735.1;MA0736.1;MA0735.2;MA0750.4,GLIS1;GLIS2;GLIS1;ZBTB7A,MA0735.2,4
144,MA1544.1;MA1545.1;MA1544.2;MA1545.2,OVOL1;OVOL2;OVOL1;OVOL2,MA1545.2,4
145,MA0866.1;MA0867.1;MA0869.1;MA0870.1,SOX21;SOX4;Sox11;Sox1,MA0867.1,4
146,MA0098.1;MA1508.2;MA2519.1;MA2556.1,ETS1;IKZF1;ZNF606;ZNF510,MA2556.1,4
147,MA0036.1;MA0037.1;MA2557.1;MA2575.1,GATA2;GATA3;ZGLP1;ZNF536,MA0036.1,4
148,MA1471.1;MA1496.1;MA1471.2;MA1496.2,BARX2;HOXA4;BARX2;HOXA4,MA1496.2,4
149,MA0059.1;MA0058.2;MA0147.2;MA0059.2,MAX::MYC;MAX;Myc;MAX::MYC,MA0147.2,4
150,MA0520.1;MA1964.1;MA1964.2;MA0520.2,Stat6;SMAD2;SMAD2;Stat6,MA0520.1,4
151,MA1654.1;MA1972.1;MA1977.1;MA1654.2,ZNF16;ZFP14;ZNF324;ZNF16,MA1654.2,4
152,MA0162.2;MA1627.1;MA1630.1;MA1627.2,EGR1;Wt1;Znf281;Wt1,MA1627.1,4
153,MA0863.1;MA1602.1;MA1602.2;MA2571.1,MTF1;ZSCAN29;ZSCAN29;ZNF800,MA0863.1,4
154,MA1581.1;MA1984.1;MA1581.2;MA1984.2,ZBTB6;ZNF667;ZBTB6;ZNF667,MA1984.1,4
155,MA1589.1;MA1563.2;MA1589.2;MA1589.3,ZNF140;SOX18;ZNF140;ZNF140,MA1563.2,4
156,MA1722.1;MA0597.2;MA0597.3;MA1722.2,ZSCAN31;THAP1;THAP1;ZSCAN31,MA0597.2,4
157,MA1981.1;MA1981.2;MA2512.1;MA2688.1,ZNF530;ZNF530;ZNF648;ZNF347,MA2512.1,4
158,MA0763.1;MA1933.1;MA2340.1;MA1933.2,ETV3;ELK1::SREBF2;Zbtb2;ELK1::SREBF2,MA0763.1,4
159,MA0130.1;MA0479.1;MA0719.1;MA0479.2,ZNF354C;FOXH1;RHOXF1;FOXH1,MA0479.1,4
160,MA2331.1;MA2339.1;MA2527.1;MA2564.1,ZNF157;Nanog;ZNF726;ZNF43,MA2527.1,4
161,MA1998.1;MA1999.1;MA1999.2,Prdm14;Prdm5;Prdm5,MA1999.2,3
162,MA0068.1;MA2462.1;MA2574.1,Pax4;ZNF250;ZNF878,MA2574.1,3
163,MA0080.1;MA1684.1;MA2553.1,SPI1;Foxn1;ZNF407,MA2553.1,3
164,MA0111.1;MA1647.1;MA1655.1,Spz1;PRDM4;ZNF341,MA1647.1,3
165,MA1154.1;MA1154.2;MA2528.1,ZNF282;ZNF282;ZNF732,MA2528.1,3
166,MA0738.1;MA0739.1;MA0738.2,HIC2;Hic1;HIC2,MA0738.1,3
167,MA0018.2;MA1143.2;MA0656.2,CREB1;FOSL1::JUND;JDP2,MA0656.2,3
168,MA0468.1;MA0035.5;MA2485.1,DUX4;GATA1;Duxbl1,MA0468.1,3
169,MA0506.1;MA0006.2;MA2514.1,NRF1;Ahr::Arnt;ZNF853,MA0006.2,3
170,MA1587.1;MA1596.1;MA2099.1,ZNF135;ZNF460;ZNF770,MA1596.1,3
171,MA0601.1;MA0602.1;MA0602.2,Arid3b;Arid5a;Arid5a,MA0602.1,3
172,MA0619.1;MA0619.2;MA2552.1,LIN54;LIN54;ZNF367,MA2552.1,3
173,MA0634.1;MA0662.1;MA2508.1,ALX3;MIXL1;CASZ1,MA0634.1,3
174,MA2488.1;MA2506.1;MA2682.1,ZBTB40;MYT1;MYT1L,MA2488.1,3
175,MA0752.1;MA0752.2;MA2509.1,ZNF410;ZNF410;ZBTB5,MA0752.1,3
176,MA1514.1;MA2096.1;MA1514.2,KLF17;ZNF524;KLF17,MA1514.2,3
177,MA1601.1;MA2097.1;MA1601.2,ZNF75D;ZNF75A;ZNF75D,MA1601.2,3
178,MA0596.1;MA2573.1;MA2590.1,SREBF2;ZNF836;ZNF841,MA0596.1,3
179,MA0900.2;MA0902.2;MA0912.2,HOXA2;HOXB2;HOXD3,MA0900.2,3
180,MA0841.1;MA0491.3;MA0841.2,NFE2;JUND;NFE2,MA0491.3,3
181,MA1132.1;MA1142.2;MA1132.2,JUN::JUNB;FOSL1::JUND;JUN::JUNB,MA1142.2,3
182,MA1575.1;MA1575.2;MA2487.1,THRB;THRB;ZBTB21,MA1575.2,3
183,MA1583.1;MA1583.2;MA2497.1,ZFP57;ZFP57;ZNF623,MA2497.1,3
184,MA0056.1;MA1719.1;MA1719.2,MZF1;ZNF816;ZNF816,MA1719.1,3
185,MA1730.1;MA1998.2;MA1730.2,ZNF708;Prdm14;ZNF708,MA1730.1,3
186,MA1982.1;MA1652.2;MA1982.2,ZNF574;ZKSCAN5;ZNF574,MA1982.2,3
187,MA1717.1;MA1717.2;MA2549.1,ZNF784;ZNF784;ZNF234,MA1717.1,3
188,MA1729.1;MA2326.1;MA1729.2,ZNF680;IKZF2;ZNF680,MA2326.1,3
189,MA1616.1;MA1616.2;MA2330.2,Prdm15;Prdm15;ZBTB24,MA1616.1,3
190,MA1542.1;MA1725.2;MA2691.1,OSR1;ZNF189;ZNF841,MA2691.1,3
191,MA2470.1;MA2530.1;MA2572.1,ZBTB48;ZNF773;ZNF827,MA2470.1,3
192,MA0009.2;MA0804.1;MA0804.2,TBXT;TBX19;TBX19,MA0009.2,3
193,MA1124.1;MA1975.1,ZNF24;ZNF214,MA1124.1,2
194,MA0032.1;MA0124.1,FOXC1;NKX3-1,MA0124.1,2
195,MA2494.1;MA2591.1,ZNF436;ZNF850,MA2494.1,2
196,MA0108.1;MA0108.2,TBP;TBP,MA0108.1,2
197,MA0158.1;MA2525.1,HOXA5;ZNF699,MA2525.1,2
198,MA1647.2;MA1647.3,Prdm4;Prdm4,MA1647.3,2
199,MA0078.1;MA1597.1,Sox17;ZNF528,MA0078.1,2
200,MA1725.1;MA2333.1,ZNF189;ZNF35,MA1725.1,2
201,MA1546.1;MA1546.2,PAX3;PAX3,MA1546.1,2
202,MA0597.1;MA1608.2,THAP1;Isl1,MA0597.1,2
203,MA0799.2;MA0799.3,RFX4;RFX4,MA0799.3,2
204,MA0612.1;MA0903.1,EMX1;HOXB3,MA0612.1,2
205,MA0131.2;MA2511.1,HINFP;ZNF335,MA0131.2,2
206,MA1994.2;MA0673.2,Nkx2-1;NKX2-8,MA0673.2,2
207,MA0676.1;MA2690.1,Nr2e1;ZNF724,MA2690.1,2
208,MA1960.1;MA1960.2,MGA::EVX1;MGA::EVX1,MA1960.2,2
209,MA2002.1;MA2602.1,Zfp335;ZBED5,MA2602.1,2
210,MA0724.1;MA2675.1,VENTX;HOMEZ,MA0724.1,2
211,MA1476.1;MA0707.2,DLX5;MNX1,MA0707.2,2
212,MA1101.2;MA1101.3,BACH2;BACH2,MA1101.2,2
213,MA1943.1;MA1943.2,ETV2::HOXB13;ETV2::HOXB13,MA1943.1,2
214,MA2491.1;MA2529.1,ZNF134;ZNF772,MA2529.1,2
215,MA1542.2;MA2493.1,OSR1;ZNF322,MA2493.1,2
216,MA0148.4;MA0148.5,FOXA1;FOXA1,MA0148.5,2
217,MA0868.1;MA1580.1,SOX8;ZBTB32,MA1580.1,2
218,MA0143.1;MA0143.2,Sox2;Sox2,MA0143.2,2
219,MA0027.1,En1,MA0027.1,1
220,MA2335.1,ZNF558,MA2335.1,1
221,MA0070.2,PBX1,MA0070.2,1
222,MA0693.1,Vdr,MA0693.1,1
223,MA2520.1,ZNF678,MA2520.1,1
224,MA0259.2,ARNT::HIF1A,MA0259.2,1
225,MA1973.1,ZKSCAN3,MA1973.1,1
226,MA0598.1,EHF,MA0598.1,1
227,MA2545.1,ZNF57,MA2545.1,1
228,MA0480.1,Foxo1,MA0480.1,1
229,MA2516.1,ZSCAN2,MA2516.1,1
230,MA1980.1,ZNF418,MA1980.1,1
231,MA0879.1,Dlx1,MA0879.1,1
232,MA1594.1,ZNF382,MA1594.1,1
233,MA2504.1,BCL11A,MA2504.1,1
234,MA0131.3,HINFP,MA0131.3,1
235,MA0907.1,HOXC13,MA0907.1,1
236,MA1603.2,Dmrt1,MA1603.2,1
237,MA2687.1,ZNF251,MA2687.1,1
238,MA1524.2,Msgn1,MA1524.2,1
239,MA2524.1,ZNF696,MA2524.1,1
240,MA2324.1,BCL11A,MA2324.1,1
241,MA1577.2,TLX2,MA1577.2,1
242,MA2526.1,ZNF721,MA2526.1,1
243,MA1507.2,HOXD4,MA1507.2,1
244,MA0699.2,LBX2,MA0699.2,1
245,MA0662.2,MIXL1,MA0662.2,1
246,MA0628.2,POU6F1,MA0628.2,1
247,MA0721.2,UNCX,MA0721.2,1
248,MA2588.1,FAM200B,MA2588.1,1