MA0002.1	TATTGTGGTTA
MA0003.1	GCCCGGGGG
MA0004.1	CACGTG
MA0006.1	TGCGTG
MA0007.1	ATAAGAACACCCTGTACCCGCC
MA0009.1	CTAGGTGTGAA
MA0014.1	AGAGCACTGAAGCGTAACCG
MA0017.1	TGACCTTTGAACCT
MA0018.1	CCTGGTGACGTC
MA0019.1	AGATGCAATCCC
MA0024.1	TTTGGCGC
MA0025.1	TTATGTAACAT
MA0027.1	AAGTAGTGCCC
MA0028.1	GAGCCGGAAG
MA0029.1	AAGATAAGATAACA
MA0030.1	CAAACGTAAACAAT
MA0031.1	GTAAACAT
MA0032.1	GGTAAGTA
MA0033.1	TATACATA
MA0035.1	GGATGG
MA0036.1	GGATA
MA0037.1	AGATAG
MA0038.1	CAAATCACTG
MA0039.1	TAAAGGAAGG
MA0040.1	TATTGTTTATT
MA0041.1	GAATGTTTGTTT
MA0042.1	GGATGTTTGTTT
MA0043.1	GGTTACGCAATA
MA0046.1	GGTTAATAATTAAC
MA0047.1	CAATATTTACTT
MA0048.1	GCGCAGCTGCGT
MA0050.1	GAAAGCGAAACC
MA0051.1	GGAAAGCGAAACCAAAAC
MA0052.1	CTATTTATAG
MA0056.1	TGGGGA
MA0058.1	AACCACGTGA
MA0059.1	GACCACGTGGT
MA0060.1	CTCAGCCAATCAGCGC
MA0105.1	GGGAATTTCC
MA0062.1	ACCGGAAGAG
MA0063.1	TTAATTG
MA0065.1	CCAGGGGTCAAAGGTCATCG
MA0066.1	GTAGGTCACGGTGACCTACT
MA0067.1	AGTCACGC
MA0068.1	GAAAAATTTCCAATACTCCACTCCCCCCCC
MA0069.1	TTCACGCATGAGTT
MA0070.1	CCATCAATCAAA
MA0071.1	ATCAAGGTCA
MA0072.1	TATAAGTAGGTCAA
MA0073.1	CCCCAAACCACCCCCCCCCA
MA0074.1	GGGTCAACGAGTTCA
MA0075.1	AATTA
MA0076.1	ACCGGAAGT
MA0077.1	CCATTGTTC
MA0078.1	CTCATTGTC
MA0079.1	GGGGCGGGGT
MA0080.1	CGGAAG
MA0081.1	AGAGGAA
MA0083.1	GCCCATATATGG
MA0084.1	GTAAACAAT
MA0087.1	ATTGTTA
MA0088.1	GATTTCCCATAATGCCTTGC
MA0090.1	CACATTCCTCCG
MA0091.1	CGACCATCTGTT
MA0092.1	GGTCTGGCAT
MA0093.1	CACGTGG
MA0095.1	GCCATC
MA0098.1	CTTCCG
MA0099.1	GTGAGTCA
MA0100.1	GGCCGTTG
MA0101.1	GGGGATTTCC
MA0102.1	TTTCGCAATCTC
MA0103.1	CACCTG
MA0104.1	CACGTG
MA0105.2	GGGGATTCCCC
MA0106.1	CCGGACATGCCCGGGCATGT
MA0107.1	GGGAATTTCC
MA0108.1	GTATAAAAGGCGGGG
MA0108.2	GTATAAAAGGCGGGG
MA0111.1	AGGGTAACAGC
MA0112.1	CCAGGTCACCGTGACCCC
MA0113.1	GGGAACATTATGTCCTAA
MA0114.1	AGGCCAAAGGTCA
MA0115.1	AAAGGTCAAAGGTCAAC
MA0116.1	GGCACCCAGGGGTGC
MA0117.1	GCTGACGC
MA0119.1	TGGCACCATGCCAA
MA0122.1	TTAAGTGGA
MA0124.1	ATACTTA
MA0125.1	TAATTGGT
MA0130.1	ATCCAC
MA0131.1	TAACGTCCGC
MA0132.1	CTAATT
MA0135.1	AAATTAATTAATC
MA0136.1	TACTTCCTT
MA0137.1	GGAAAACGAAACTG
MA0138.1	GCGCTGTCCATGGTGCTGA
MA0139.1	TGGCCACCAGGGGGCGCTA
MA0140.1	CTGGTGGGGACAGATAAG
MA0141.1	AGCTCAAGGTCA
MA0142.1	CTTTGTTATGCAAAT
MA0143.1	CCTTTGTTATGCAAA
MA0144.1	TTCCAGGAAG
MA0145.1	CCAGTTCAAACCAG
MA0146.1	GGGGCCGAGGCCTG
MA0147.1	CGCACGTGGC
MA0148.1	TGTTTACTTTG
MA0149.1	GGAAGGAAGGAAGGAAGG
MA0062.2	CCGGAAGTGGC
MA0035.2	ACAGATAAGAA
MA0039.2	TGGGTGGGGC
MA0138.2	TTCAGCACCATGGACAGCGCC
MA0137.2	CATTTCCCGGAAACC
MA0104.2	CGCACGTGGC
MA0047.2	TGTTTACTTAGG
MA0112.2	GGCCCAGGTCACCCTGACCT
MA0065.2	GTAGGGCAAAGGTCA
MA0150.1	ATGACTCAGCA
MA0151.1	ATTAAA
MA0152.1	TTTTCCA
MA0153.1	TTAATATTTAAC
MA0154.1	ACCCAAGGGA
MA0155.1	TGTCAGGGGGCG
MA0156.1	CAGGAAAT
MA0157.1	TGTAAACA
MA0158.1	CACTAATT
MA0159.1	AGGTCACGGAGAGGTCA
MA0160.1	AAGGTCAC
MA0161.1	TTGGCA
MA0162.1	TGCGTGGGCGG
MA0163.1	GGGGCCCAAGGGGG
MA0164.1	CAAGCTT
MA0080.2	AGGAAGT
MA0018.2	TGACGTCA
MA0099.2	TGACTCA
MA0079.2	CCCCGCCCCC
MA0102.2	TTTCGCAAT
MA0258.1	CAAGGTCACGGTGACCTG
MA0259.1	GGACGTGC
MA0442.1	CTTTGT
MA0141.2	AGCTCAAGGTCA
MA0143.2	CCTTTGTTATGCAAA
MA0145.2	CCAGTTCAAACCAG
MA0146.2	GGGGCCGAGGCCTG
MA0148.2	TGTTTACTTTG
MA0461.1	CAGATGGC
MA0462.1	GAAATGACTCA
MA0463.1	TTTCCTAGAAAGCA
MA0464.1	CTCACGTGCAC
MA0465.1	AAGCCATAAAA
MA0466.1	TATTGCACAAT
MA0467.1	AAGAGGATTAG
MA0468.1	TAATTTAATCA
MA0469.1	CTCCCGCCCCCACTC
MA0470.1	GGGCGGGAAGG
MA0471.1	GGGCGGGAAGG
MA0472.1	CCCCCGCCCACGCAC
MA0473.1	GAACCAGGAAGTG
MA0474.1	ACAGGAAGTGG
MA0475.1	ACAGGAAGTGG
MA0476.1	TGTGACTCATT
MA0477.1	GGTGACTCATG
MA0478.1	GGATGACTCAT
MA0479.1	TCCAATCCACA
MA0480.1	TCCTGTTTACA
MA0481.1	CAAAAGTAAACAAAG
MA0482.1	TCTTATCTCCC
MA0483.1	AAATCACAGCA
MA0484.1	AGAGTCCAAAGTCCA
MA0485.1	GGCCATAAATCAC
MA0486.1	CTTCTAGAAGGTTCT
MA0488.1	AAGATGATGTCAT
MA0489.1	AGGAGATGACTCAT
MA0490.1	GGATGACTCAT
MA0491.1	GGTGACTCATC
MA0492.1	AAAGATGATGTCATC
MA0493.1	GGCCACACCCA
MA0494.1	TGACCTAAAGTAACCTCTG
MA0495.1	GCTGAGTCAGCAATTTTT
MA0496.1	CTGAGTCAGCAATTT
MA0497.1	ATGCTAAAAATAGAA
MA0498.1	AGCTGTCACTCACCT
MA0499.1	TGCAGCTGTCCCT
MA0500.1	GACAGCTGCAG
MA0501.1	ATGACTCAGCAATTT
MA0502.1	AAATGGACCAATCAG
MA0504.1	AGGGGTCAGAGGTCA
MA0505.1	AAGTTCAAGGTCAGC
MA0506.1	GCGCCTGCGCA
MA0507.1	TTCATTTGCATAT
MA0508.1	AGAAAGTGAAAGTGA
MA0509.1	GTTGCCATGGCAAC
MA0510.1	CTCCCTGGCAACAGC
MA0511.1	GGGGTTTGTGGTTTG
MA0512.1	CAAAGGTCAGA
MA0514.1	CCTTTGTTTT
MA0515.1	CCATTGTTTT
MA0516.1	GCCCCGCCCCCTCCC
MA0517.1	TCAGTTTCATTTTCC
MA0518.1	TTTCCAGGAAATGG
MA0519.1	ATTTCCAAGAA
MA0520.1	CATTTCCTGAGAAAT
MA0521.1	AACAGCTGCAG
MA0522.1	CACAGCTGCAG
MA0523.1	AAAGATCAAAGGAA
MA0524.1	CATGGCCCCAGGGCA
MA0525.1	AGACATGCCCAGACATGCCC
MA0526.1	GTCATGTGACC
MA0527.1	CTCTCGCGAGATCTG
MA0528.1	GGAGGAGGAGGGGGAGGAGGA
MA0007.2	AAGAACAGAATGTTC
MA0102.3	ATTGCACAATA
MA0024.2	CGGGCGGGAGG
MA0154.2	GTCCCCAGGGA
MA0162.2	CCCCCGCCCCCGCC
MA0076.2	CCACTTCCGGC
MA0258.2	AGGTCACCCTGACCT
MA0098.2	CCCACTTCCTGTCTC
MA0148.3	TCCATGTTTACTTTG
MA0035.3	TTCTTATCTGT
MA0036.2	AGATTCTTATCTGT
MA0037.2	AGATAAGA
MA0114.2	CTGGACTTTGGACTC
MA0050.2	TTTTACTTTCACTTTCACTTT
MA0058.2	AAGCACATGG
MA0052.2	AGCTAAAAATAGCAT
MA0100.2	CCAACTGCCA
MA0147.2	CCATGTGCTT
MA0104.3	GCCACGTG
MA0150.2	CAGCATGACTCAGCA
MA0105.3	GGGAATTTCCC
MA0060.2	AGAGTGCTGATTGGTCCA
MA0014.2	GAGGGCAGCCAAGCGTGAC
MA0080.3	AAAAAGAGGAAGTGA
MA0143.3	CCTTTGTT
MA0079.3	GCCCCGCCCCC
MA0083.2	CATGCCCAAATAAGGCAA
MA0137.3	TTTCCAGGAAA
MA0144.2	CTTCTGGGAAA
MA0140.2	CTTATCTGTGAGGAGCAG
MA0003.2	CATTGCCTCAGGGCA
MA0106.2	ACATGCCCAGACATG
MA0093.2	GCCACGTGACC
MA0095.2	CAAGATGGCGGC
MA0103.2	CCTCACCTG
MA0591.1	AGGATGACTCAGCAC
MA0592.1	CCAAGGTCACA
MA0593.1	AAGTAAACAAA
MA0594.1	GCCATAAATCA
MA0595.1	ATCACCCCAC
MA0596.1	ATGGGGTGAT
MA0597.1	CTGCCCGCA
MA0598.1	CCTTCCTG
MA0599.1	GCCCCGCCCC
MA0600.1	GTTGCCATGGCAACCGCGG
MA0113.2	AGAACAGAATGTTCT
MA0601.1	ATATTAATTAA
MA0602.1	CTAATATTGCTAAA
MA0603.1	GGTCACGTGC
MA0604.1	ATGACGTA
MA0605.1	GATGACGT
MA0606.1	ATTTTCCATT
MA0607.1	CCATATGT
MA0608.1	GCCACGTGT
MA0609.1	TATGACGTAA
MA0610.1	AATGTATCAAT
MA0611.1	CCAATCAA
MA0612.1	CCTAATTACC
MA0613.1	GTAAACAA
MA0614.1	GTAAACAA
MA0615.1	GAGTGTACGTAAGATGG
MA1099.1	GGCACGCGTC
MA0616.1	TAACGACACGTGC
MA0618.1	TTAATTAG
MA0619.1	ATTTGAATT
MA0620.1	GGTCACGTGG
MA0621.1	AATTAATTAGT
MA0622.1	GCACGTGT
MA0623.1	ACCATATGGT
MA0624.1	ATTTTCCATT
MA0625.1	ATTTTCCATT
MA0626.1	GGCACGTGTC
MA0627.1	TTGTATGCAAATTAGA
MA0628.1	ATTAATTAAT
MA0629.1	AAGACGCTGTAAAGCGA
MA0630.1	TTAATTGG
MA0631.1	GATAGGGTATCACTAAT
MA0632.1	GGCACGTGCC
MA0633.1	ACCATATGTT
MA0634.1	TCTAATTAAA
MA0007.3	GGGAACACGGTGTACCC
MA0635.1	GCTAAACGGT
MA0636.1	GTCACGTGAC
MA0638.1	GTGCCACGTCATCA
MA0639.1	TATTACGTAACA
MA0154.3	ATTCCCAAGGGAAT
MA0598.2	AACCCGGAAGTA
MA0640.1	AACCCGGAAGTAA
MA0641.1	AACCCGGAAGTG
MA0136.2	ACCCGGAAGTA
MA0027.2	CTAATTAG
MA0642.1	CCCAATTAGC
MA0643.1	TCAAGGTCAT
MA0644.1	ACCAATTAAC
MA0645.1	AGCGGAAGTG
MA0475.2	ACCGGAAGTG
MA0042.2	GTAAACA
MA0033.2	GTAAACA
MA0157.2	GTAAACAA
MA0646.1	CATGCGGGTAC
MA0647.1	AAAACCGGTTTT
MA0648.1	GCTAATCCCC
MA0649.1	GACACGTGCC
MA0131.2	CAACGTCCGCGG
MA0043.2	CATTACGTAACC
MA0046.2	AGTTAATGATTAACT
MA0153.2	GTTAATGATTAAC
MA0650.1	CCAATAAAAA
MA0651.1	GGTCGTAAAAT
MA0486.2	TTCTAGAACGTTC
MA0652.1	TCGAAACCGAAACT
MA0653.1	AACGAAACCGAAACT
MA0654.1	CTAATTAA
MA0655.1	ATGACTCAT
MA0656.1	GATGACGTCATC
MA0657.1	ATGCCACGCCCCTTTTTG
MA0658.1	ACTAATTAGC
MA0659.1	AAATTGCTGAGTCAGCATATT
MA0660.1	GCTATAAATAGC
MA0661.1	GCTAATTAAC
MA0662.1	TCTAATTAAC
MA0663.1	ATCACGTGAT
MA0664.1	ATCACGTGAT
MA0665.1	AACAGCTGTT
MA0666.1	CCAATTAG
MA0667.1	AACAGCTGTT
MA0668.1	GCCATATGGT
MA0669.1	AACATATGTC
MA0670.1	GGTGCCAAGT
MA0671.1	CGTGCCAAG
MA0048.2	CGCAGCTGCG
MA0672.1	ACCACTTGAA
MA0673.1	CCACTTGAA
MA0674.1	GTAATTAA
MA0675.1	CTAATTAA
MA0676.1	AAAAGTCAA
MA0677.1	GAGGTCAAAGGTCA
MA0678.1	ACCATATGGT
MA0679.1	AAAAAATCGATAAT
MA0068.2	CTAATTAG
MA0680.1	TAATCGATTA
MA0681.1	TAATTTAATTA
MA0682.1	TTAATCCC
MA0683.1	ATGCATAATTAATGAG
MA0075.2	CCAATTAA
MA0684.1	AAACCGCAAA
MA0512.2	GGGGTCAAAGGTCA
MA0685.1	TAAGCCACGCCCCCTTT
MA0686.1	ACCCGGATGTA
MA0080.4	AAAAAGCGGAAGTA
MA0687.1	AAAAAGAGGAAGTA
MA0083.3	TGACCATATATGGTCA
MA0009.2	TCACACCTAGGTGTGA
MA0688.1	AAGGTGTGAAA
MA0689.1	TAGGTGTGAAG
MA0690.1	AAGGTGTGAA
MA0090.2	CACATTCCAT
MA0691.1	AACAGCTGAT
MA0692.1	ATCACGTGAC
MA0693.1	GAGTTCATTGAGTTCA
MA0694.1	GCGACCACCGAA
MA0695.1	GCGACCACCGAA
MA0696.1	GACCCCCCGCTGTG
MA0697.1	GACCCCCCGCTGCGC
MA0698.1	CATCCAGATGTTC
MA0699.1	GCCAATTAGC
MA0700.1	ACTAATTAAC
MA0701.1	CCAATTAA
MA0702.1	TTAATTAA
MA0703.1	TTAATTAA
MA0704.1	TTAATTAA
MA0705.1	CTAATTAG
MA0706.1	AGTAATTAAC
MA0707.1	GGTAATTAAA
MA0708.1	CCAATTAA
MA0709.1	CCAATTAA
MA0122.2	ACCACTTAA
MA0710.1	GCTAATTAGC
MA0124.2	ACCACTTAA
MA0711.1	TTAATCCG
MA0712.1	TTAATCCT
MA0132.2	GTAATTAG
MA0713.1	TAATTTAATTA
MA0714.1	CTTAATCCC
MA0715.1	TAATTTAATTA
MA0716.1	CTAATTAA
MA0717.1	CCAATTAA
MA0718.1	GCCAATTAAC
MA0719.1	ATAATCCC
MA0720.1	CTAATTAA
MA0721.1	CTAATTAA
MA0722.1	CTAATTAC
MA0723.1	CTAATTAC
MA0724.1	ACCGATTAG
MA0725.1	CTAATTAT
MA0726.1	CTAATTAG
MA0112.3	AAGGTCACGGTGACCTG
MA0141.3	TCAAGGTCATA
MA0592.2	TTCAAGGTCAT
MA0114.3	GGGGTCAAAGTCCAAT
MA0017.2	CAAAGGTCAAGGG
MA0113.3	GGGTACATAATGTTCCC
MA0727.1	GGGAACACAATGTTCCC
MA0728.1	GAGGTCAAAAGGTCA
MA0729.1	GAGGTCAAAAGGTCAATG
MA0730.1	AGGTCATGCAAAGGTCA
MA0731.1	TGCTTTCTAGGAATTCA
MA0472.2	ACGCCCACGCA
MA0732.1	CTACGCCCACGCACT
MA0733.1	TTACGCCCACGCATTT
MA0734.1	GCGACCACACTG
MA0735.1	AGACCCCCCACGAAGC
MA0736.1	GACCCCCCGCGAAG
MA0737.1	GACCCCCCACGAAG
MA0738.1	ATGCCCACC
MA0739.1	ATGCCAACC
MA0740.1	GGCCACGCCCCCTT
MA0741.1	GCCACGCCCCC
MA0742.1	GACCACGCCCTTATT
MA0743.1	GAGCAACAGGTGGTT
MA0744.1	ATGCAACAGGTGG
MA0745.1	AACAGGTGT
MA0746.1	GCCACGCCCCC
MA0747.1	GCCACGCCCACT
MA0748.1	GTCCGCCATTA
MA0749.1	CTATCGCGACATA
MA0750.1	GGCGACCACCGA
MA0751.1	GACCCCCCGCTGTGC
MA0088.2	TACCCACAATGCATTG
MA0752.1	TCCATCCCATAATACTC
MA0753.1	CCCCCCCCAC
MA0754.1	TAATCGATAA
MA0755.1	TAATCGATAA
MA0756.1	AAAAAATCGATAAT
MA0757.1	AAAAAATCAATAAT
MA0469.2	AAAAATGGCGCCATTTTT
MA0758.1	TTTTCCCGCCAAAA
MA0473.2	AACCCGGAAGTG
MA0759.1	ACCGGAAGTA
MA0760.1	ACCGGAAGTG
MA0474.2	ACCGGAAGTG
MA0098.3	ACCGGAAGTG
MA0761.1	ACCGGAAGTA
MA0762.1	AACCGGAAATA
MA0763.1	ACCGGAAGTG
MA0764.1	ACCGGAAGTA
MA0765.1	ACCGGAAGTG
MA0156.2	ACCGGAAGTG
MA0766.1	AGATAAGA
MA0767.1	TATGCGGGTA
MA0768.1	AAAGATCAAAGGGTT
MA0769.1	AAAGATCAAAGG
MA0770.1	TTCTAGAACGTTC
MA0771.1	TTCTAGAACGTTC
MA0772.1	ACGAAAGCGAAAGT
MA0052.3	TCTAAAAATAGA
MA0773.1	ACTATAAATAGA
MA0498.2	TTGACAG
MA0774.1	TTGACAGC
MA0775.1	TTGACAGG
MA0776.1	ACCGTTAACGGT
MA0777.1	AACCGTTAAACGGTC
MA0105.4	AGGGGAATCCCCT
MA0778.1	AGGGGATTCCCCT
MA0779.1	CGTCACGCATGACTGCA
MA0780.1	TAATCGATTA
MA0781.1	CGTCACGCATGACTGCA
MA0782.1	TGACAGGTGTCA
MA0783.1	TGACAGGTGTCA
MA0784.1	AATATGCAAATTAG
MA0785.1	AATATGCAAATT
MA0786.1	TTATGCAAATTA
MA0787.1	TTATGCAAATTA
MA0788.1	ATTATGCTAATTT
MA0789.1	TATGCAAAT
MA0790.1	ATGAATAATTAATG
MA0791.1	ATGCATAATTAATGAG
MA0792.1	TATGCAAAT
MA0793.1	AGCTCATTAT
MA0794.1	CAAGACGCCTTA
MA0600.2	CGTTGCCATGGCAACG
MA0795.1	CGTCTAGACA
MA0796.1	TGACAGCTGTCA
MA0797.1	TGACAGCTGTCA
MA0798.1	CGTTGCCATGGCAACG
MA0799.1	CGTTGCCATGGCAACG
MA0510.2	CGTTGCCATGGCAACG
MA0511.2	AAACCGCAA
MA0800.1	AAGGTGTGAAAAT
MA0801.1	AGGTGTGA
MA0802.1	AGGTGTGAAA
MA0803.1	AGGTGTGA
MA0804.1	TTTCACACCTAGGTGTGAAA
MA0805.1	AGGTGTGA
MA0806.1	AGGTGTGA
MA0807.1	AGGTGTGA
MA0808.1	ACATTCCA
MA0809.1	CACATTCCAT
MA0810.1	TGCCCCCGGGCA
MA0003.3	CGCCTCAGGCA
MA0811.1	TGCCCCAGGGCA
MA0812.1	AGCCTCAGGCA
MA0813.1	TGCCCTGAGGGCA
MA0524.2	TGCCCCAGGGCA
MA0814.1	AGCCTCAGGCA
MA0815.1	TGCCCTGAGGGCA
MA0816.1	AGCAGCTGCT
MA0461.2	AACATATGTT
MA0464.2	ATCACGTGAC
MA0817.1	AAACATATGTTT
MA0818.1	ACCATATGTT
MA0819.1	AACACGTGTT
MA0820.1	ACCACCTGTT
MA0821.1	CGGCACGTGCCA
MA0822.1	TGGCACGTGCCA
MA0823.1	GACACGTGCC
MA0058.3	ACCACGTGCT
MA0825.1	ACCACGTGCC
MA0826.1	AACATATGTT
MA0827.1	ACCATATGTT
MA0828.1	ATCACGTGAC
MA0829.1	ATCACGTGAC
MA0522.2	AACACCTGCT
MA0830.1	CGCACCTGCT
MA0831.1	ATCACGTGAC
MA0832.1	GCAACAGCTGTTGT
MA0833.1	GGATGATGCAATA
MA0834.1	CGATGACGTCATCG
MA0466.2	ATTGCGCAAT
MA0836.1	ATTGCGCAAT
MA0837.1	ATTGCGCAAT
MA0838.1	ATTGCGCAAT
MA0839.1	ATGCCACGTCATCA
MA0840.1	AATGACGTCACC
MA0117.2	AAAATGCTGACT
MA0841.1	CATGACTCATC
MA0842.1	AATTTGCTGAC
MA0843.1	TATTACGTAACA
MA0844.1	AATGCCACGTCATC
MA0845.1	TATGTAAATAT
MA0032.2	TATGTAAATAT
MA0846.1	TAAGTAAACAAA
MA0847.1	GTAAACA
MA0848.1	GTAAACA
MA0849.1	GTAAACA
MA0850.1	GTAAACA
MA0851.1	AAAAAGTAAACAAACAC
MA0852.1	AAAATGTAAACAAACAG
MA0853.1	CGCATTAATTAATTACC
MA0854.1	CGAATTAATTAATCACC
MA0855.1	GGGGTCAAAGGTCA
MA0856.1	GGGGTCAAAGGTCA
MA0857.1	AAAGGTCAAAAGGTCA
MA0858.1	AGGTCAACTAAAGGTCA
MA0859.1	AAGGTCAAAAGGTCAA
MA0860.1	AAGGTCACGAAAGGTCA
MA0525.2	AACATGTTGGGACATGTC
MA0106.3	AACATGCCCGGGCATGTC
MA0861.1	GACATGTCTGGACATGTC
MA0862.1	TTACGTAA
MA0863.1	TTTGCACACGGCAC
MA0024.3	TTTGGCGCCAAA
MA0864.1	AAAATGGCGCCATTTT
MA0865.1	TTTCCCGCCAAA
MA0866.1	AACAATGGTAGTGTT
MA0867.1	GAACAATTGCAGTGTT
MA0868.1	AACAATGTGCAGTGTT
MA0869.1	AACAATTTCAGTGTT
MA0870.1	AACAATAACATTGTT
MA0871.1	ATCACGTGAC
MA0872.1	TGCCCTGAGGGCA
MA0028.2	ACCGGAAGTG
MA0873.1	AGTCGTAAAAA
MA0874.1	GTCCATTAATTAATGGA
MA0875.1	GCAATTAG
MA0876.1	CCAATTAA
MA0877.1	GCTAATTGCT
MA0878.1	GCAATAAAA
MA0879.1	CCTAATTATC
MA0880.1	CCAATTAC
MA0881.1	CCAATTAC
MA0882.1	CCAATTAC
MA0883.1	TGAACCGGATTAATGAA
MA0884.1	CTAATTTAATCAA
MA0885.1	GCAATTAA
MA0886.1	GCTAATTAGC
MA0887.1	GGTAATTAGC
MA0888.1	GGTAATTAGC
MA0889.1	ACTAATTAGC
MA0890.1	ACCAATTAGC
MA0891.1	CCTAATCCGC
MA0892.1	CCTAATTAAA
MA0893.1	ACTAATTAAA
MA0894.1	GCTAATTGGC
MA0895.1	ACTAGTTAAC
MA0896.1	ACAAGCAATTAATGAAT
MA0897.1	ACAAGCAATTAAAGAAT
MA0898.1	ACAAGCAATTAAAGAAT
MA0899.1	GGTAATAAAAA
MA0900.1	CCTAATTACC
MA0901.1	CCAATAAAAC
MA0902.1	AGTAATTAAC
MA0903.1	ACTAATTAGC
MA0904.1	ACGGTAATTAGCTCAT
MA0905.1	GTCGTAAAAT
MA0906.1	GGTCGTAAAAA
MA0907.1	GCTCGTAAAAA
MA0908.1	GTCGTAAAAA
MA0909.1	CCAATAAAAA
MA0910.1	TAAATAATTAATGGCTA
MA0911.1	GGTCGTAAAATT
MA0912.1	TTGAGTTAATTAACCT
MA0913.1	GCAATAAAAA
MA0914.1	GCACTTAA
MA1100.1	GCAGCAGCTGGCG
MA1101.1	GATGACTCAGCAAT
MA0018.3	GGTGACGTCACC
MA1102.1	CACCAGGGGGCACC
MA0852.2	AATGTAAACAAGGC
MA1103.1	ATGTAAACAAG
MA0481.2	AAGTAAACAGAA
MA0036.3	TTCTTATCTTT
MA1104.1	AAAAGATAAGAAA
MA1105.1	GACAAACCAGTTTTT
MA1106.1	GTACGTGCCC
MA0039.3	CCACACCCTGC
MA1107.1	GGCCACACCCACC
MA0495.2	AATTTGCTGAGTCAGCAAATT
MA0496.2	AATTGCTGAGTCAGCAAAT
MA0620.2	TAAGGTCACGTGACCTTA
MA1108.1	CGACCACGTGCCC
MA0147.3	GGCCACGTGCCC
MA0100.3	ACCAACTGTC
MA0104.4	GGCCACGTGGCC
MA1109.1	GGACAGATGGCAG
MA0161.2	TACTTGGCAGA
MA0060.3	AACCAATCAGA
MA1110.1	TCAATGACCTA
MA1111.1	CAAAGGTCAAA
MA1112.1	AAAAGGTCAC
MA0014.3	GAGCGTGACCCC
MA1113.1	GTGATTGACAGG
MA1114.1	GGGTGAGTGACAGGCGG
MA1115.1	ATATGCAAATT
MA0508.2	TCACTTTCAC
MA1116.1	CCTGGGAAAG
MA1117.1	GAATTCCCCGG
MA1118.1	GTAACCTGATA
MA1119.1	AACTGAAACCTGATAC
MA0442.2	AAAACAAAGAA
MA1120.1	AAACAATGGCA
MA1121.1	TCACATTCCAGCC
MA1122.1	GGGCGGGAAGG
MA1123.1	ATTCCAGATGTTT
MA0526.2	CGGGGTCACGTGGCCC
MA0750.2	GCCCGGAAGTGGC
MA0103.3	CCCACCTGCGC
MA1124.1	CATTCATTCATTC
MA1125.1	TTTAAAAAAAAA
MA1154.1	CTTTCCCACAACACGAC
MA1155.1	TGCACACACTGAAAA
MA0037.3	AGATAAGA
MA0099.3	ATGAGTCATC
MA1126.1	GATGACGTCATCATTT
MA1127.1	GATGACGTCAT
MA1128.1	TGATGACTCATCC
MA1129.1	ATGACGTCAT
MA1130.1	GGATGAGTCATC
MA1131.1	GATGACGTCAT
MA1132.1	GATGACTCAT
MA1133.1	TGTGACGTCATT
MA1134.1	GATGAGTCATCC
MA1135.1	GATGACTCAT
MA1136.1	ATGACGTCAT
MA1137.1	TGATGACTCATAC
MA1138.1	GATGACTCAT
MA1139.1	GATGACGTCATC
MA1140.1	ATGACGTCAT
MA1141.1	GGATGAGTCATCG
MA1142.1	GATGACTCAT
MA1143.1	ATGACGTAAC
MA1144.1	GATGACTCAT
MA1145.1	TGATGACGTCATCGC
MA1146.1	GAGGTCATTGACCTT
MA1147.1	GAGGTCATTGACCCC
MA1148.1	ATGTAGGTCAAAGGTCAT
MA1149.1	GAGGTCATGTAGAGGTCA
MA1150.1	AATTAGGTCAC
MA1151.1	ATAAGTAGGTCA
MA1152.1	CTATTGTTTT
MA0831.2	CACGTGAC
MA0693.2	TGAGTTCA
MA1153.1	TGTCTAGA
MA0162.3	TACGCCCACGCATT
MA1418.1	GGGAAACGGAAACCGAAACTG
MA1419.1	CCGAAACCGAAACTA
MA1420.1	CCGAAACCGAAACT
MA1421.1	AAAGATCAAAGG
MA1463.1	TCTAATTAAA
MA1464.1	GTCACGTGCC
MA1466.1	TGATGACGTGGCAG
MA1467.1	AACAGCTGTC
MA1468.1	AACATATGTC
MA1101.2	AAAGCATGACTCATCATTT
MA1470.1	AAAGCATGACGTCATGATTT
MA1471.1	AAAAACCATTAC
MA1472.1	AACAGCTGTT
MA1473.1	GGCAATAAAAC
MA1474.1	TGCCACGTCACC
MA1475.1	GGTGACGTCACC
MA1476.1	GCAATTAC
MA1478.1	AATTGTTACATT
MA1479.1	AATTGATACATT
MA1480.1	AGATAATCCC
MA1481.1	CTAATTAC
MA1483.1	AACCCGGAAGTA
MA1484.1	GACCGGAAGT
MA1485.1	GCAACAGCTGTTAC
MA1487.1	CCTTAAATAAACAAT
MA1489.1	GTAAACAA
MA1491.1	AGACCACCCACGTCG
MA1493.1	GGCACGTGTT
MA1494.1	GGGTCCAAAGGTCAC
MA1495.1	GTAATTAC
MA1496.1	GTCATTAG
MA1497.1	GGTAATTAAC
MA1498.1	GCAATTAC
MA1499.1	ATCATTAG
MA1500.1	TTAATTAC
MA1501.1	GGTAATTAAC
MA1502.1	GCAATTAC
MA1503.1	GTCGTAAAAT
MA1504.1	GTCATTAA
MA1505.1	GTAATTAC
MA1506.1	GGTCGTAAAAC
MA1507.1	ATCATTAG
MA1508.1	GAAACAGGAAGT
MA1509.1	ACCGAAACT
MA1511.1	GCCACACCCCC
MA1512.1	GCCACGCCCAC
MA1513.1	GCCCCGCCCCC
MA1514.1	CACCACGCACCCCTT
MA1515.1	CACCACGCCCA
MA1516.1	GACCACGCCCA
MA1517.1	GGCCACGCCCA
MA1518.1	GCAATTAC
MA1519.1	GTAATTAA
MA1520.1	ATGCTGAGTCAGCAA
MA1521.1	TTGCTGAGTCAGCAA
MA1522.1	CGCCCCTCCCC
MA1523.1	GTACACTCAC
MA1524.1	CGCCATATGTCC
MA1525.1	AATGGAAAAT
MA1527.1	GTTGGCACGGTGCCAAC
MA1528.1	GTTGGCACGGTGCCAGG
MA1529.1	GGGCCGCAGCTGCGTCCC
MA1530.1	CTCATTAAA
MA1531.1	GGGTCAGTAGGTCAG
MA1532.1	GGGTTAGTGGGTCAT
MA1533.1	ATGAACTCGATGAACTC
MA1534.1	ATGAACTTT
MA1535.1	CGAGGTCAC
MA1536.1	GAGGTCAT
MA1537.1	GAGGTCAAAGGTCAC
MA1538.1	AAGGTCATTGACCTT
MA1539.1	AAGGTCACTGACCTT
MA1540.1	GTCAAGGTCAC
MA1541.1	GTCAAGTTCAAGGTCAA
MA1542.1	TGCTACTGTT
MA1544.1	AAAACCGTTATTTG
MA1545.1	GTACCGTTATGTG
MA1546.1	CCGTCACGCTAATTAA
MA1547.1	ATAATCCC
MA1548.1	TGGGCCCCCT
MA1549.1	ATAATGAGGT
MA1550.1	AGGGGTCAAAGGTCAA
MA1552.1	AAGGTCATGACCTT
MA1553.1	AAGGTCATGACCTT
MA1554.1	CGTTGCTAT
MA1555.1	GAGGTCATGACCTC
MA1556.1	GAGGTCATGACCTC
MA1557.1	TGTCTAGACA
MA1558.1	GGCAGGTGCA
MA1559.1	AACAGGTGCA
MA1560.1	CGCACGTGCA
MA1561.1	ACCGAACAATG
MA1562.1	CCGAACAATG
MA1563.1	CACAATGC
MA1564.1	GCCACGCCCCCC
MA1565.1	GGAGGTGTGAAA
MA1566.1	GAGGTGTGAA
MA1567.1	GAGGTGTGAA
MA1568.1	CACCATATGGCG
MA1569.1	CGCCTCAGGCG
MA1570.1	AACATATGTT
MA1571.1	TGACAGCTGTCA
MA1572.1	TGACAGCTGTCA
MA1573.1	AGGACTACATTTCCCAGCA
MA1574.1	GGGGTCAAAGGTCAT
MA1575.1	GTGACCTCATTGAGGTCAC
MA1576.1	GTGACCTTACGTGACCTTA
MA1577.1	CTAATTAG
MA1578.1	CCCCCCACTT
MA1579.1	TACTCCAGAAAAGAT
MA1580.1	TGTACAGTAT
MA1581.1	GTCCTTGAGCCCG
MA1583.1	GCATTGCCGCAGT
MA1584.1	CGACCCCCCGCTGTGC
MA1585.1	ATAGTAGGTG
MA1587.1	CCTCGACCTCCTGA
MA1588.1	GAATTCTTGGTTGAC
MA1589.1	TAGGAGTGGAATTGCTGGGTC
MA1592.1	GGTATGAGTTCTCGCT
MA1593.1	TAACAGCAGACT
MA1594.1	AGGGGACATCACTACAGATCCCAC
MA1596.1	GCCTCAGCCTCCCGAG
MA1597.1	CCCAGGGAAGCCATTTC
MA1599.1	CGGGCCAAGCCCCTAT
MA1600.1	ATACAGTCCACCCCTTTA
MA1601.1	ATGTGGGAAA
MA1602.1	CGTCTACACGGG
MA1603.1	GATACAAAGTATC
MA1604.1	TTCCCAAGGGACT
MA1606.1	ATGTAAACAAA
MA1607.1	AATATGTAAACAAA
MA1608.1	ATCCATTAGCA
MA1615.1	CCCTGGGGCCAGG
MA1616.1	AGGAAAACCTGGAGC
MA1618.1	AAACAGATGTTTA
MA1619.1	GCACAGCTGTGC
MA1620.1	ACACACCTGTGC
MA1623.1	AGAAACAGAAACT
MA1624.1	TTTCCAAGAAAT
MA1625.1	CATTTCCCAGAAATC
MA1627.1	CCCCTCCCCCACAC
MA1628.1	CACAGCAGGGG
MA1629.1	CTCACAGCAGGGGG
MA1630.1	GGTGGGGGAGG
MA1100.2	GGCAGCTGCC
MA0605.2	GATGACGTCATC
MA0877.2	CTAAACGG
MA0462.2	TATGACTCATA
MA0463.2	ATGCTTTCGAGGAATT
MA0878.2	GGCCATAAAAC
MA0864.2	GTTTTGGCGCCATTTC
MA0469.3	ATTTTGGCGCCAAAAT
MA0470.2	TTTTGGCGCCATTT
MA0612.2	CTAATTAG
MA0847.2	GTTAAGTAAACAA
MA0766.2	CAGATAAGGA
MA0038.2	CAAATCACTGCA
MA0734.2	AGACCACCCACGTCG
MA0893.2	GTAATTAG
MA1099.2	GGCACGTGGC
MA0616.2	GGCACGTGCC
MA0650.2	CCCAATAAAAC
MA0900.2	GTAATTAG
MA0158.2	GTAATTAC
MA0594.2	GTCGTAAACG
MA0902.2	GTAATTAG
MA0904.2	GTAATTAC
MA0485.2	GTCGTAAAAT
MA0909.2	CCCAATAAAAC
MA0912.2	CTAATTAC
MA0910.2	GCAATTAC
MA0913.2	GCAATAAAAC
MA1140.2	GATGACGTCATC
MA0701.2	CTAATTAA
MA0702.2	TTAATTAA
MA0703.2	ATTTTAATTAA
MA0623.2	GACATATGTC
MA0842.2	AAAAGTGCTGACG
MA0682.2	CTAATCCC
MA0075.3	CTAATTAA
MA0867.2	GAACAAAGGG
MA0868.2	AGAACAATGG
MA0079.4	TAAGCCACGCCCACT
MA0516.2	CTAAGCCCCGCCCACTT
MA0746.2	GGCCACGCCCACC
MA0632.2	TCACGCGCAC
MA0871.2	CCCACGTGACC
MA0753.2	CCGCCCCCCCCAC
MA0122.3	ATAACCACTTAAA
MA1707.1	AATTGTTACATT
MA1708.1	AGGCGGAAGTG
MA2093.1	GTAATTA
MA2095.1	AGAACAATGG
MA1709.1	AGCAACAGAAACCTA
MA1710.1	GAGAGGCAAGGG
MA1711.1	CCGCTTCACCACGGCAC
MA1712.1	AGGCTCCGGGCCCCGGGG
MA2096.1	CTCGAACCC
MA1713.1	CCCGCCGCTCCCCC
MA1714.1	AGGACTAGGAGGACAAAATGT
MA1715.1	CCCCACTCCTGGTAC
MA2097.1	GCTTTTCCCACA
MA1716.1	CCTACCCACAATGCACCGCGC
MA2098.1	AAGAAACCT
MA2099.1	CGGCCTCA
MA1717.1	GTACCTACCGC
MA1718.1	GTATGGATATACCACATTTT
MA1719.1	AAATGGGGACATGCAGGG
MA1720.1	AAAGAGATTACAGCAG
MA1721.1	GGCAGCGGCAGCGGCG
MA2100.1	AAGTGTTAACAGAGCCTC
MA1722.1	GCATAACTGCCCTGCGTCC
MA1723.1	GGTGGGCAGGGAGGAAGCAGAAGG
MA1724.1	TTCCTAGCAACCG
MA1631.1	CAGCACCTGCCCC
MA1632.1	AAATGAGGTCATT
MA1633.1	GATGACTCAGCAA
MA1634.1	TATGACTCATA
MA1635.1	CGCAGCTGCG
MA1636.1	AAATGATGCAATCAT
MA1637.1	TTCCCAAGGGAAT
MA1638.1	ACCAGATGGC
MA1639.1	GTCATCAATCATT
MA1640.1	AAATGATTTATGGCT
MA1641.1	GAACAGCTGTTC
MA1642.1	GGAACAGATGGCA
MA1643.1	TGCCTGGCATTGTGCCAAGCA
MA1644.1	AGCCAATCAGA
MA1645.1	TAACCACTCAAGAA
MA1646.1	AAACAGAAGCAG
MA1647.1	GTCTGTTTCTA
MA1648.1	CGCACCTGCCG
MA1649.1	ATCTGGAACCC
MA1650.1	CCCCGCGCACCC
MA1651.1	GTTCCAAAATGGCTGCCTCCG
MA1652.1	GGAGGAGGTGAGAA
MA1653.1	CCCCCCTCCCCC
MA1654.1	AATAGGGAGCCATGGAAGGTTTT
MA1655.1	GGGAACAGCCAC
MA1656.1	CCAAGCCCAACCAG
MA1657.1	GAAAGAGTTAAA
MA1683.1	ATGTAAACATA
MA1725.1	CATGCTGTTCCCT
MA1726.1	CCCTGCAGAGCCCT
MA1727.1	CACATTGGGCGCCAA
MA1728.1	GCTGCTGCCCAG
MA2101.1	GATAAGAACAGC
MA1729.1	GTCCAAGAAGAATGA
MA1730.1	CCGGCTGTGCCTCCT
MA1731.1	TCGCTTACCCTCTCTGGG
MA0833.2	AAATGATGCAATAA
MA0835.2	TATGACTCATA
MA0465.2	AAGCAATAAAAA
MA0102.4	TTATTGCACAATAT
MA0836.2	TATTGCACAATAT
MA0018.4	TTATGATGTCATA
MA1102.2	AGCAGGGGGCGC
MA0471.2	GGGGGCGGGAAGG
MA0154.4	AGTCCCCAGGGGACT
MA0162.4	CCACGCCCACGCCC
MA0598.3	CTCACTTCCTGTTTC
MA0473.3	AAACAGGAAGTGGG
MA0640.2	TTCCACTTCCTGGT
MA0592.3	GCTCAAGGTCACA
MA0761.2	AAACAGGAAGTGAA
MA0764.2	ACAGGAAGTG
MA0765.2	CCACTTCCGGC
MA0477.2	TGATGACTCATCC
MA0148.4	ATGTAAACATGT
MA0047.3	ATGTAAACATA
MA1103.2	ATGTAAACAAG
MA0481.3	ATGTAAACATA
MA0062.3	CCCACTTCCTGTTT
MA0035.4	TTCTAATCTAT
MA0482.2	TTCCTTATCTTT
MA1104.2	TTATCTTATCTTT
MA1105.2	AAAACAGGTTTT
MA0043.3	TTGTTATGCAACAA
MA0114.4	TCCAAAGTCCAAA
MA0484.2	TCCAAAGTCCAGA
MA0901.2	AACCAATAAAATTT
MA0490.2	AAATGACTCATTT
MA0491.2	TGATGACTCATCC
MA0039.4	CGCCCCACCCCC
MA1107.2	CAGCCACACCCACCCC
MA0700.2	AACCAATTAAT
MA0495.3	AAGTCAGCATTTTTTT
MA0659.2	GAGTCAGCATTTTTT
MA0496.3	TGCTGACTCAGCAAT
MA0052.4	TTCTAAAAATAGAAA
MA0620.3	TAAAGTCACGTGACTTTA
MA1108.2	GACACATGGC
MA0499.2	CAGCACCTGTCCC
MA0500.2	CAGCAGCTGCTG
MA0056.2	CAAATCCCCACTT
MA0025.2	TATTATGCAATAT
MA0502.2	CTCATTGGCCAG
MA0063.2	ACCACTCAAAA
MA1112.2	TTAAAGGTCAAA
MA0679.2	AAAAAATCAATAAATA
MA0712.2	AAGGGATTAGAA
MA1113.2	GTCATAAATCATT
MA0681.2	TTTAATCAAATTATAT
MA0782.2	TTTGAGTGACAGCTA
MA0627.2	AATATGCAAATAA
MA0508.3	TTCTTTCTCTT
MA0509.2	CTGTTGCTATGGCA
MA0798.2	CGGTTGCTATGGCA
MA0684.2	AAAACCTCAAAT
MA0743.2	AATTCAACAGGTGGTT
MA0744.2	AAAGCAACAGGTGGTT
MA0745.2	ATGCACCTGTCAT
MA0143.4	AAACAATGGAA
MA0080.5	AAAAAAGAGGAAGTGAAAAA
MA0081.2	TTTCACTTCCTCTTTT
MA0829.2	AGATCACCTGATCT
MA0522.3	CGCACCTGCCC
MA0830.2	CGGCACCTGCCCC
MA0769.2	TCCTTTGATGT
MA0090.3	CCACATTCCAGGC
MA0809.2	CCACATTCCAGG
MA0003.4	ATTGCCTCAGGCCA
MA0814.2	GGGCCTGAGGCGGG
MA1123.2	ATTCCAGATGTTT
MA0093.3	TGGTCATGTGACCT
MA0526.3	TGGTCATGTGACCT
MA0748.2	AGATGGCGGCG
MA0528.2	GGGGGGAGGAGG
MA0609.2	GCAGTGACGTCACTGC
MA1684.1	GGACGC
MA2102.1	AATCGATT
MA1928.1	TTGTGAGTCATA
MA1929.1	CTGCAGTTCCAGCTGTGGCCACCAGGGGGCGCTA
MA1930.1	CTGCAGTTCCCCCTTCTGGCCACTAGGGGGCGCTA
MA1931.1	ACCGGAAGTAATTA
MA1932.1	ACCGGAAGTTGTAAAA
MA1933.1	ACCGGAAGTGGCGTGA
MA1934.1	ACCGGAAACACCTGGT
MA1935.1	GTAAACAGGAAGTG
MA1936.1	GTAAACAGGAAGTG
MA1937.1	ACCGGAAGTCGTAAAA
MA1938.1	AGCAGCTGCCGGAAGTA
MA1939.1	GCCGGAAATCACGTGAT
MA1940.1	ACCGGAAGTAATTA
MA1941.1	ACCGGAAACAGGTGGT
MA1942.1	CGTAAACAGGAAGTG
MA1943.1	ACCGGAAACATAAAC
MA1944.1	ACCGGAAGTAATTA
MA1945.1	GGCGGAAGCAGGTGG
MA1946.1	GTAAACAGGAAGT
MA1947.1	GTAAACAGGAAGT
MA1948.1	AGCGGAAGTAATTA
MA1949.1	ACCGGAAGTAATTAT
MA1950.1	GTAAACAGGAAGTG
MA1951.1	TGATGACGTCATCA
MA1952.1	ATAAACAGGAAGTA
MA1953.1	GTAAACAGGAAGTA
MA1954.1	ATCAACAGGAAGTG
MA1955.1	GTAAACAGGAAGTG
MA1956.1	GTAAACAGGAAGTG
MA1957.1	ACCGGAAGTCATTA
MA1958.1	GGGCGGAAGTCGTAAAA
MA1959.1	GGGGCGGGG
MA1960.1	AGGTGTTAATGA
MA1961.1	GGGGGGCGGGGG
MA1962.1	AATTTGCATAACAATGG
MA1963.1	TTACTAATAACTA
MA1964.1	TGCCAGACAG
MA1965.1	CCCCTCCCCC
MA1966.1	GCCGGAAGCAGGTGGG
MA1967.1	ACCGGAAACAGCTGAT
MA1968.1	AAACCGGTTT
MA1969.1	CCTGTGTCCTCATGTGACCTCTCC
MA1970.1	TATCTTATCTTT
MA1971.1	GCAACGAAACCAGG
MA1972.1	GGAGGCACTGGAATG
MA1973.1	GGGCCCAGGCTAGCCCACGC
MA1974.1	AATATATACCATATA
MA1975.1	ATTCATCAAGGTCCT
MA1976.1	AGGGGGGCCCGGGGGCCTGTGCGAGGG
MA1977.1	GCCAGGAAGACAAGGATGGTT
MA1978.1	ATAAATATAAATGGACTAATT
MA1979.1	TATCTGGGCAC
MA1980.1	AAGAGGCTAAAAGCA
MA1981.1	GAAAGGAAAGGGGCGGGA
MA1982.1	GGGCTAGAGCGGCCC
MA1983.1	TCTGTTACTTGCAGCCAAAAG
MA1984.1	TTAAGAGCTCAG
MA1985.1	GGGGCGATGACCACT
MA1986.1	GGGGCCCACC
MA1987.1	GAGCACCAAAGGGGGGAAGGG
MA2117.1	GTAAACA
MA2118.1	TGTAAACA
MA2119.1	GTAATTA
MA2120.1	TAGAAAGGTGCAT
MA2121.1	GCCCAGGCTGCG
MA1988.1	GATGACTCATA
MA1989.1	AAAAACCACAAGAA
MA1990.1	CGAGACCACCCAGG
MA1991.1	TGCCTTTGATCTTG
MA1992.1	AGACAGGAAGTGGGG
MA1993.1	GCCAGCTGGC
MA1994.1	ACCACTTGAACTT
MA1995.1	AATCGTGACTC
MA1996.1	CAAAGGTCACA
MA1997.1	AGCAGCTGCT
MA1998.1	AGGGTCTCTAAC
MA1999.1	CTGTTCTCCATCTCC
MA2001.1	GAAACCTGAGC
MA2002.1	GATCAGGCACT
MA2122.1	TCCCCAGGGGA
MA2123.1	TCCAGACCT
MA2124.1	ATTTTTAT
MA2125.1	ATCCCAGCC
MA2126.1	GGGCGCCA
MA2003.1	CCACTTGAAC
MA0037.4	TTTCTTATCTGT
MA0041.2	AAAGTAAATAAACAAT
MA0050.3	AATGAAACTGAAAGT
MA0067.2	TCAGTGAAGCGTGACGA
MA0078.2	AAAGAACAATGGAA
MA0079.5	GGGGCGGGG
MA0080.6	AAAAAGAGGAAGTGGAA
MA0087.2	GAGAACAATGGGA
MA0095.3	AACAAAATGGCG
MA0136.3	AGAAGGAAGTGA
MA0152.2	AAGCAATGGAAACTAT
MA0156.3	AACCGGAAGTGA
MA0157.3	ATGTAAACAAAA
MA0160.2	TTAAAGGTCA
MA0466.3	TATTGCGCAATA
MA0467.2	GAGGATTAGA
MA0474.3	AAACAGGAAGTGGG
MA0480.2	ATGTAAACAGA
MA0489.2	TATGACTCATCT
MA0493.2	GGGGCGGGG
MA0505.2	CTGACCTTGAACT
MA0506.2	GCCTGCGCCTGCGCG
MA0507.2	AATATGCAAATTAG
MA0509.3	CGTTGCCATGGCAACG
MA0514.2	AAACAATGGAA
MA0516.3	GGGGCGGGG
MA0521.2	GAACAGCTGTTC
MA0526.4	GGTCACGTGACC
MA0606.2	ACATGGAAAATT
MA0607.2	ACCATATGGT
MA0611.2	CTGATTCAATCACTTA
MA0624.2	CAATGGAAAATA
MA0625.2	ATGGAAAAT
MA0633.2	CGCAGCTGCG
MA0642.2	CCCAATTA
MA0644.2	CTAATTAG
MA0650.3	AGCCAATAAAAA
MA0651.2	AGGTCGTAAAAA
MA0659.3	GTGCTGACTCAGCAG
MA0666.2	CCAATTAA
MA0668.2	GGGAACAGATGGTCA
MA0680.2	ATTAATCAATTATTT
MA0685.2	GGGGCGGGG
MA0690.2	TTTCACACCTT
MA0693.3	CTGAGTTCATA
MA0697.2	CACAGCAGGAGGC
MA0707.2	GTAATTAT
MA0708.2	CCAATTAA
MA0723.2	GTAATTAG
MA0734.3	GAGACCACCCAGG
MA0740.2	GGGGCGGGG
MA0742.2	GGGGCGGGG
MA0754.2	TAATCGATAA
MA0756.2	CGATCGATA
MA0759.2	ACCGGAAGTGG
MA0764.3	ACCGGAAGTG
MA0765.3	ACCGGAAGTG
MA0768.2	TTTCCTTTGATGTT
MA0784.2	AGCTAATTTGCATAAT
MA0798.3	CGTTGCCATGGCAACG
MA0799.2	CCGTTGCTTAGCAACGG
MA0818.2	ACCATATGGT
MA0819.2	AAACACGTGC
MA0821.2	GGCACGTGCC
MA0828.2	TTATCACGTGATAA
MA0831.3	GTCACGTGAC
MA0837.2	TATTGCGCAATA
MA0847.3	CTTAAACAAACA
MA0865.2	TTCCCGCCAAAA
MA0869.2	GAGAACAAAGGA
MA0877.3	ACCGTTTA
MA0878.3	GGCAATAAAA
MA0879.2	GCAATTAC
MA0884.2	TTGATTTAATCAA
MA0885.2	AAGCAATTAGCA
MA0909.3	ACCAATAAAA
MA1110.2	CGAGGTCAGT
MA1467.2	GACAGATGGCA
MA1472.2	GAACAGCTGTTC
MA1476.2	AAGCAATTAGCA
MA1483.2	AACCCGGAAGTA
MA1487.2	CCTAAATAAACAAA
MA1491.2	GGACCACCCACGTCGC
MA1498.2	GCAATTAA
MA1511.2	GGGGCGGGG
MA1518.2	AGGTGCTAATTAGCACCT
MA1524.2	GGAGACAAATGGTGGC
MA1525.2	AATGGAAAAT
MA1532.2	TGGGTTAGTAGGTCA
MA1547.2	TTAATCCC
MA1563.2	AACAATTC
MA1566.2	AAGGTGTGAAA
MA1567.2	GAGGTGTGAAGT
MA1573.2	ACTACAATTCCCAG
MA1601.2	GTGGGAAAGCCT
MA1630.2	GGGGGAGGGGAG
MA1633.2	ATGACTCAT
MA1647.2	GAGCCTTGAAACTGTCA
MA0597.2	GCGCAGGGCAGG
MA1540.2	ATGAGTTCAAGGTCAGC
MA2323.1	AAGAACAAATTGTTCTT
MA2324.1	CTGACCA
MA2325.1	CGCACGTAC
MA2326.1	AGGAAG
MA2327.1	ACAGTCTGT
MA2328.1	CCCGCCCCGC
MA2329.1	CACTTCCGG
MA2330.1	CCCAGGACCC
MA2331.1	AGGCCAGCAATATACCTTTAC
MA2332.1	ACAGGAAGT
MA2333.1	AATTCTA
MA2334.1	TGCTAATGCAACA
MA2335.1	ATTTGATGAAAGACATAAATCTACAGATC
MA2336.1	AAGCACT
MA2337.1	AGGTCA
MA2338.1	AAGGTCA
MA2339.1	GCAATCA
MA2340.1	ACCGGAAGTG
MA2341.1	CCCAGCCT
MA0619.2	TTTGAAT
MA0006.2	GCGTG
MA0854.2	TTAATTAA
MA0634.2	TAATTA
MA0853.2	CGCATTAATTAA
MA0690.3	TTCACACCTT
MA0007.4	GGGAACACGGTGTACC
MA1463.2	CTAATTAA
MA0601.2	TATTAAT
MA0602.2	TAATATTG
MA0259.2	ACGTG
MA1464.2	GTCACGTG
MA0603.2	GTCACGTG
MA0874.2	CATTAATTAA
MA1100.3	GCAGCTGC
MA1631.2	GCACCTGCC
MA1632.2	ATGAGGTCAT
MA1988.2	TGACTCA
MA0605.3	ATGACGTCAT
MA0833.3	ATGATGCAAT
MA1466.2	TGATGACGTGGCA
MA0834.2	ATGACGTCAT
MA0461.3	AACATATG
MA1467.3	CAGATGG
MA0591.2	GATGACTCAGCA
MA0496.4	CTGACTCAGC
MA1101.3	CATGACTCATC
MA1470.2	AAAGCATGACGTCATGATT
MA0877.4	CGTTTA
MA0635.2	TAAACG
MA0875.2	CAATTA
MA1471.2	AAACCATTA
MA1634.2	TGACTCA
MA0462.3	TGACTCA
MA0489.3	TGACTCAT
MA0488.2	ATGATGTCAT
MA0835.3	TGACTCA
MA1989.2	AAACCACAA
MA0463.3	GCTTTCGAGGAAT
MA1472.3	ACAGCTGT
MA1635.2	CAGCTG
MA0817.2	AACATATGTT
MA0464.3	TCACGTGA
MA1928.2	TGAGTCA
MA0876.2	CAATTA
MA0465.3	GCAATAAA
MA1473.2	GCAATAAAA
MA0102.5	ATTGCACAAT
MA0466.4	ATTGCGCAAT
MA0836.3	TTGCACAA
MA0837.3	ATTGCGCAAT
MA1636.2	ATGATGCAAT
MA0819.3	ACACGTG
MA0018.5	TGATGTCA
MA0638.2	TGCCACGTCATC
MA0839.2	TGCCACGTCATCA
MA1474.2	GCCACGTCAC
MA1475.2	GTGACGTCA
MA0840.2	ATGACGTCAC
MA0609.3	GTGACGTCAC
MA0467.3	GGATTA
MA0139.2	GCCACCAGGGGGCGC
MA1929.2	CTGCAGTTCCAGCTGTGGCCACCAGGGGGCG
MA1930.2	CTGCAGTTCCCCCTTCTGGCCACTAGGGGGCGC
MA1102.3	CAGGGGGC
MA0754.3	TAATCGATA
MA0650.4	CCAATAAA
MA0901.3	CCAATAAAA
MA0755.2	TAATCGATA
MA0639.2	ATTACGTAAC
MA0019.2	ATGCAATCCC
MA0879.3	CAATTA
MA0885.3	GCAATTAG
MA0880.2	CAATTA
MA0881.2	CAATTA
MA1476.3	GCAATTAG
MA0882.2	CAATTA
MA0883.2	AACCGGATTA
MA1603.2	TACAAAGTA
MA0610.2	TGTATCA
MA1707.2	TTGTTACATT
MA1478.2	GTTACA
MA1479.2	AATTGATACAT
MA1480.2	AGATAATCC
MA1481.2	TAATTA
MA0611.3	TGATTCAATCA
MA0864.3	TTTTGGCGCCATT
MA0469.4	TTTTGGCGCCAAAA
MA0756.3	GATCGATA
MA0470.3	TTTTGGCGCCATT
MA0471.3	GGCGGGAA
MA0865.3	TTCCCGCCA
MA0154.5	TCCCCAGGGGA
MA1604.2	CCCAAGGGA
MA1637.2	CCCAAGGGA
MA0162.5	ACGCCCACGC
MA0732.2	ACGCCCACGCA
MA0733.2	ACGCCCACGCA
MA0598.4	CACTTCCTG
MA0473.4	CAGGAAGTG
MA1483.3	ACCCGGAAGT
MA0640.3	CACTTCCTG
MA0136.4	AAGGAAGT
MA0028.3	ACCGGAAGT
MA0800.2	AGGTGTGAA
MA1708.2	GCGGAAGTG
MA1495.2	TAATTA
MA1932.2	ACCGGAAGTTGTAAA
MA0779.2	CGTCACGCATGACTGC
MA0014.4	GCGTGACC
MA0781.2	CGTCACGCATGACTGC
MA0686.2	ACCCGGATGT
MA1933.2	CCGGAAGTGGCGTGA
MA0828.3	ATCACGTGAT
MA0843.2	ATTACGTAAC
MA0759.3	ACCGGAAGT
MA0076.3	CACTTCCGG
MA0612.3	TAATTA
MA0886.2	TAATTA
MA0027.3	TAATTA
MA0642.3	CCAATTA
MA0760.2	ACCGGAAGT
MA1934.2	CCGGAAACACCTG
MA0820.2	CACCTG
MA1935.2	AAACAGGAAG
MA1936.2	GTAAACAGGAAG
MA0480.3	GTAAACA
MA1937.2	CGGAAGTCGTAAA
MA0058.4	CACGTG
MA1938.2	AGCAGCTGCCGGAAGT
MA0048.3	CGCAGCTGC
MA1939.2	CCGGAAATCACGTGAT
MA0474.4	ACAGGAAGTG
MA0112.4	AGGTCACGGTGACCT
MA0592.4	TCAAGGTCA
MA0141.4	TCAAGGTCAT
MA0643.2	TCAAGGTCA
MA0644.3	CTAATTA
MA0098.4	ACCGGAAGT
MA1484.2	ACCGGAAGT
MA0761.3	ACAGGAAGT
MA0762.2	ACCGGAAAT
MA1940.2	CGGAAGTAATTA
MA1941.2	CCGGAAACAGGTG
MA1942.2	AAACAGGAAGT
MA1943.2	CCGGAAACATAAA
MA0763.2	ACCGGAAGT
MA0764.4	ACCGGAAGT
MA0765.4	ACCGGAAGT
MA1944.2	CGGAAGTAATTA
MA1945.2	GGCGGAAGCAGGTG
MA1946.2	GTAAACAGGAAG
MA1947.2	GTAAACAGGA
MA1948.2	CGGAAGTAATTA
MA0900.3	TAATTA
MA0645.2	GCGGAAGTG
MA0887.2	TAATTA
MA0888.2	TAATTA
MA0156.4	ACCGGAAGT
MA0475.3	ACCGGAAGT
MA1949.2	ACCGGAAGTAATTA
MA1950.2	TAAACAGGAAG
MA0476.2	TGACTCAT
MA1951.2	GATGACGTCATCA
MA0099.4	ATGAGTCAT
MA1126.2	ATGACGTCAT
MA1134.2	ATGAGTCAT
MA1140.3	ATGACGTCATC
MA0490.3	ATGACTCAT
MA1141.2	ATGAGTCAT
MA0492.2	GATGATGTCAT
MA0491.3	ATGACTCAT
MA1135.2	ATGACTCAT
MA0477.3	ATGACTCAT
MA1128.2	ATGACTCAT
MA1137.2	ATGACTCAT
MA1142.2	ATGACTCA
MA1143.2	ATGACGTAA
MA0478.2	GATGACTCAT
MA1130.2	ATGAGTCAT
MA1131.2	ATGACGTCAT
MA1138.2	ATGACTCAT
MA1139.2	ATGACGTCAT
MA1144.2	ATGACTCAT
MA1145.2	ATGACGTCAT
MA0148.5	GTAAACAT
MA0047.4	TGTAAACA
MA1683.2	GTAAACA
MA0846.2	TAAGTAAACAA
MA0031.2	GTAAACA
MA0847.4	TTAAACAAACA
MA0041.3	AAAGTAAATAAACA
MA1487.3	CTAAATAAACAA
MA1606.2	GTAAACA
MA0030.2	CGTAAACAA
MA0479.2	AATCCACA
MA1952.2	AAACAGGAAGT
MA0682.3	TAATCC
MA0851.2	GTAAACAAA
MA0852.3	GTAAACA
MA1103.3	GTAAACA
MA1607.2	TATGTAAACA
MA1953.2	GTAAACAGGAAGT
MA1954.2	ATCAACAGGAAGT
MA1955.2	GTAAACAGGAAGT
MA1956.2	GTAAACAGGAAGT
MA0157.4	GTAAACA
MA0481.4	GTAAACA
MA0593.2	AGTAAACAA
MA0040.2	ATTGTTTATT
MA0062.4	CACTTCCTGT
MA0035.5	CTAATCT
MA0140.3	TTATCTGTGAGGAGCAG
MA0036.4	CTTATCT
MA0037.5	TCTTATCT
MA0482.3	CCTTATCT
MA0766.3	AGATAAGG
MA1104.3	TCTTATCT
MA0889.2	CTAATTA
MA0890.2	CAATTA
MA0646.2	ATGCGGGTAC
MA0143.5	ACAATGG
MA0767.2	ATGCGGGT
MA0038.3	AAATCACTGCA
MA0483.2	AAATCACAGC
MA1990.2	AGACCACCCA
MA0734.4	GACCACCCA
MA1491.3	GGACCACCCACGTCG
MA0735.2	AGACCCCCCACGAAG
MA0615.2	TACGTA
MA0647.2	AAACCGGTTT
MA1105.3	AACAGGTT
MA0648.2	TAATCC
MA0891.2	TAATCC
MA0892.2	TAATTA
MA0893.3	GTAATTA
MA0092.2	GTCTGGCAT
MA0522.4	CACCTGC
MA1638.2	CAGATG
MA1099.3	GGCACGTG
MA0616.3	GGCACGTGC
MA0894.2	TAATTG
MA0649.2	GACACGTGC
MA0739.2	ATGCCAAC
MA0738.2	ATGCCC
MA1106.2	ACGTGC
MA0131.3	ACGTCCGC
MA0043.4	TTATGCAAC
MA0895.2	TAGTTAA
MA0896.2	AGCAATTAA
MA0897.2	AAGCAATTAAAGAAT
MA0898.2	AGCAATTAA
MA1991.2	CCTTTGATCT
MA0046.3	GTTAATGATTAAC
MA1494.2	GGGTCCAAAGGTCA
MA0114.5	CAAAGTCCA
MA0484.3	CAAAGTCCA
MA0899.2	GTAATAAAA
MA0911.2	GTCGTAAAA
MA1496.2	GTCATTA
MA1497.2	GTAATTA
MA1498.3	CAATTA
MA0594.3	GTCGTAA
MA0902.3	TAATTA
MA1566.3	AGGTGTGAA
MA0903.2	TAATTA
MA1499.2	TCATTA
MA0904.3	TAATTA
MA1500.2	TAATTAC
MA1501.2	GTAATTA
MA1502.2	GCAATTA
MA1503.2	GTCGTAAAA
MA0905.2	GTCGTAAAA
MA0651.3	AGGTCGTAAAA
MA0906.2	GGTCGTAAAA
MA0907.2	CTCGTAAAA
MA1504.2	TCATTA
MA1505.2	TAATTA
MA0485.3	GTCGTAAAA
MA1506.2	GGTCGTAAAA
MA0908.2	GTCGTAAAA
MA0873.2	AGTCGTAAAA
MA1958.2	CGGAAGTCGTAAA
MA0909.4	CAATAAA
MA1507.2	TCATTA
MA0910.3	GCAATTA
MA0913.3	GCAATAAAA
MA1508.2	AACAGGAA
MA1992.2	CAGGAAGTG
MA0050.4	TGAAACTGAAA
MA0051.2	GGAAAGCGAAACCAAA
MA1418.2	GAAACGGAAACCGAAAC
MA1419.2	CGAAACCGAAACTA
MA0772.2	CGAAAGCGAAAGT
MA0652.2	CGAAACCGAAACT
MA1608.2	CCATTAG
MA0914.2	CACTTA
MA0654.2	TAATTA
MA0656.2	ATGACGTCAT
MA1132.2	ATGACTCA
MA1133.2	TGTGACGTCAT
MA0493.3	GGGCGGGG
MA1512.2	CCACGCCCAC
MA0657.2	TGCCACGCCCCTTTTTG
MA1513.2	CCCCGCCC
MA1514.2	ACCACGCACCCCTT
MA1515.2	CCACGCCC
MA1516.2	GACCACGCCC
MA0039.5	CCCCACCC
MA1517.2	CCACGCCCA
MA1959.2	GGGCGGGG
MA1107.3	GCCACACCCAC
MA0618.2	TAATTAG
MA0699.2	CAATTA
MA0768.3	CCTTTGAT
MA1518.3	GCTAATTAGC
MA0700.3	CAATTA
MA0135.2	AAATTAATTAAT
MA0704.2	TAATTA
MA1519.2	GTAATTA
MA0658.2	CTAATTAG
MA0705.2	TAATTA
MA0701.3	CTAATTA
MA0702.3	TTAATTA
MA0703.3	TTAATTAA
MA1520.2	TGCTGAGTCAGCA
MA0501.2	ATGACTCAGCA
MA0841.2	ATGACTCATC
MA1521.2	TGCTGAGTCAGCA
MA0117.3	AAAATGCTGAC
MA0495.4	GTCAGCATTTT
MA0659.4	GCTGACTCAGCA
MA0059.2	ACCACGTGGT
MA0147.4	CCACGTGC
MA1522.2	CCCCTCCC
MA0029.2	AGATAAGATAA
MA0052.5	CTAAAAATAG
MA0497.2	CTAAAAATAGA
MA0498.3	TGACA
MA1639.2	CATCAATCA
MA1640.2	TGATTTATG
MA0775.2	TTGACAG
MA0661.2	CTAATTA
MA0706.2	GTAATTA
MA1960.2	AGGTGTTAATG
MA0620.4	GTCACGTGAC
MA0621.2	TTAATTA
MA0662.2	TAATTA
MA0622.2	CACGTG
MA0664.2	ATCACGTG
MA0825.2	CACGTG
MA0707.3	TAATTA
MA1523.2	CACTCAC
MA1524.3	GACAAATGGT
MA0666.3	CAATTA
MA0708.3	CAATTA
MA0709.2	CAATTA
MA1108.3	CACATG
MA0100.4	CAACTG
MA0104.5	CCACGTGG
MA1641.2	ACAGCTGT
MA0499.3	GCACCTGTC
MA0500.3	GCAGCTGC
MA0056.3	AATCCCCA
MA1109.2	ACAGATGG
MA1993.2	CAGCTG
MA0668.3	ACAGATGG
MA1642.2	CAGATGG
MA0606.3	ATGGAAAA
MA0624.3	TGGAAA
MA0152.3	AATGGAAA
MA0625.3	TGGAAA
MA1525.3	ATGGAAAAT
MA0150.3	ATGACTCAGCA
MA0670.2	TGCCAA
MA1643.2	CCTGGCATTGTGCCAAG
MA0161.3	CTTGGCA
MA1527.2	TTGGCACGGTGCCAA
MA0025.3	TTATGCAAT
MA0671.2	TGCCAA
MA1528.2	TTGGCACGGTGCCA
MA0778.2	GGGGATTCCCC
MA0060.4	CCAATCAG
MA0502.3	TCATTGGCC
MA1644.2	CCAATCA
MA1529.2	GGCCGCAGCTGCGTCC
MA1994.2	CACTTGA
MA1645.2	CCACTCAA
MA0672.2	CCACTTGA
MA2003.2	CCACTTGA
MA0063.3	CACTCAA
MA0673.2	CCACTTGA
MA0124.3	CCACTTA
MA0122.4	AACCACTTAA
MA0674.2	TAATTAA
MA0675.2	TAATTA
MA1530.2	CTCATTAA
MA0125.2	TAATTG
MA0710.2	CTAATTA
MA0626.2	GCACGTGT
MA1995.2	TCGTGAC
MA1531.2	GGGTCAGTAGGTCA
MA1996.2	AGGTCA
MA0494.2	TGACCTAAAGTAACCT
MA1110.3	AGGTCA
MA1146.2	AGGTCATTGACCT
MA1533.2	TGAACTCGATGAACT
MA1534.2	TGAACTTT
MA1535.2	AGGTCA
MA0504.2	GGGGTCAGAGGTCA
MA1536.2	AGGTCA
MA0164.2	AAGCTT
MA0017.3	AAAGGTCAAGGG
MA1537.2	AGGTCAAAGGTCA
MA1111.2	AAGGTCA
MA0677.2	AGGTCAAAGGTCA
MA0113.4	GGTACATAATGTTCC
MA0727.2	GGAACACAATGTTCC
MA1112.3	AAAGGTCA
MA0160.3	AAAGGTCA
MA1147.2	AGGTCATTGACCC
MA1541.2	CAAGTTCAAGGTCA
MA0842.3	AAAGTGCTGACG
MA1997.2	CAGCTG
MA0679.3	AAATCAATA
MA0757.2	AAAAATCAATAA
MA1542.2	GCTACTGT
MA1646.2	ACAGAAGC
MA0711.2	TAATCC
MA0712.3	GGGATTA
MA1544.2	AAACCGTTAT
MA1545.2	ACCGTTA
MA1961.2	GGGGGCGGGGG
MA0067.3	TCAGTGAAGCGTGACG
MA1546.2	CGTCACGCTAATTA
MA0680.3	TAATCAATTA
MA0070.2	ATCAATCAA
MA1113.3	CATAAATCA
MA1114.2	TGAGTGACAGG
MA0132.3	TAATTA
MA0681.3	TAATCAAATTAT
MA0714.2	TAATCC
MA0782.3	TGAGTGACAG
MA1615.2	TGGGGCCA
MA1548.2	GGGCCCCC
MA0784.3	CTAATTTGCATAAT
MA0785.2	TATGCAAAT
MA0507.3	ATATGCAAATTAG
MA0627.3	TATGCAAAT
MA0786.2	TTATGCAAAT
MA0790.2	TGAATAATTAAT
MA0683.2	TGCATAATTAATGAG
MA0791.2	TGCATAATTAAT
MA1115.2	ATGCAAA
MA0628.2	TAATTA
MA1549.2	TAATGAG
MA0793.2	AGCTCATTA
MA1148.2	ATGTAGGTCAAAGGTCA
MA1550.2	GGGGTCAAAGGTCA
MA0066.2	TAGGTCACGGTGACCTACT
MA0065.3	AGGGCAAAGGTCA
MA0508.4	CTTTCTC
MA1998.2	GGTCTCTA
MA1616.2	GAAAACCTGGA
MA1647.3	CCTTGAAACTG
MA1999.2	GTTCTCCATCT
MA1723.2	GGTGGGCAGGGAGGAAGCAG
MA0716.2	TAATTA
MA0075.4	CTAATTA
MA1619.2	ACAGCTGT
MA1620.2	ACACCTGT
MA1149.2	AGGTCATGTAGAGGTCA
MA1552.2	AAGGTCATGACCT
MA0859.2	AAGGTCAAAAGGTCA
MA1553.2	AGGTCATGACCTT
MA0718.2	CAATTA
MA0717.2	CAATTA
MA1116.2	TGGGAA
MA1117.2	ATTCCCC
MA0138.3	TCAGCACCATGGACAGCGCC
MA0600.3	GTTGCCATGGCAAC
MA0799.3	GTTGCTTAGCAAC
MA0510.3	GTTGCCATGGCAAC
MA1724.2	CCTAGCAAC
MA1554.2	CGTTGCTA
MA0629.2	CGCTGTAAA
MA0719.2	TAATCC
MA0072.2	TAAGTAGGTCA
MA1150.2	AATTAGGTCA
MA1151.2	AAGTAGGTCA
MA0073.2	CCCCAAACCACCCCCCCCC
MA0684.3	AACCTCAA
MA1963.2	CTAATAA
MA0743.3	TCAACAGGTG
MA0744.3	GCAACAGGTG
MA0630.2	TAATTG
MA0720.2	TAATTA
MA1118.2	GTAACCTGA
MA1119.2	TGAAACCTGAT
MA0631.2	ATAGGGTATCA
MA2001.2	AACCTGA
MA1964.2	CCAGAC
MA1153.2	TGTCTAG
MA1558.2	GCAGGTG
MA0745.3	GCACCTGT
MA1559.2	ACAGGTGCA
MA1560.2	GCACGTGC
MA0442.3	ACAAAG
MA0869.3	GAACAAAG
MA1561.2	ACCGAACAAT
MA1120.2	ACAATGG
MA1562.2	CGAACAATG
MA1152.2	CTATTGT
MA0078.3	AGAACAATGG
MA0514.3	ACAATGG
MA0867.3	AACAAAGG
MA0087.3	AACAATGG
MA0868.3	AACAATG
MA0077.2	CCATTGTT
MA0746.3	GCCACGCCCAC
MA1965.2	CCTCCC
MA0747.2	CCACGCCCACT
MA1564.2	CCACGCCCCC
MA0080.7	AAAGAGGAAGTGG
MA0081.3	TCACTTCCTCTTT
MA0687.2	AAAAGAGGAAGTA
MA0829.3	ATCACCTGAT
MA0084.2	AAACAAT
MA0137.4	TTCCAGGAA
MA0517.2	AGTTTCATTTTCC
MA1623.2	GAAACAGAAA
MA0144.3	TTCTGGGAA
MA0518.2	TTCCAGGAAA
MA1624.2	TTCCAAGAA
MA0519.2	TTCCAAGAA
MA1625.2	TTCCCAGAA
MA0520.2	TTCCTGAGAA
MA0091.2	ACCATCTGTT
MA0108.3	TATAAAA
MA0802.2	AGGTGTGAA
MA1565.2	AGGTGTGAA
MA0804.2	TCACACCTAGGTGTGAA
MA0688.2	AGGTGTGAA
MA1567.3	AGGTGTGAA
MA0521.3	CAGCTG
MA1648.2	CACCTGC
MA0832.2	AACAGCTGTT
MA1568.2	ACCATATGGC
MA0830.3	GCACCTGC
MA0769.3	CTTTGAT
MA0523.2	AGATCAAAG
MA0632.3	TCACGCGC
MA0090.4	ACATTCCAG
MA1121.2	ACATTCC
MA0809.3	ACATTCCA
MA0810.2	TGCCCCCGGGC
MA0003.5	GCCTCAGGC
MA0811.2	GCCCCAGGGCA
MA0812.2	GCCTCAGGC
MA0524.3	GCCCCAGGGCA
MA0814.3	GCCTGAGGC
MA1569.2	GCCTCAGGC
MA1966.2	CCGGAAGCAGGTG
MA1967.2	ACCGGAAACAGCTG
MA1968.2	AAACCGGTT
MA1122.2	GGCGGGAA
MA0692.2	CACGTGAC
MA0871.3	CACGTGAC
MA0597.3	GCAGGGCA
MA1969.2	GTGTCCTCATGTGACCTC
MA1574.2	GGGTCAAAGGTCA
MA1575.2	TGACCTCATTGAGGTCA
MA1576.2	TGACCTTACGTGACCTTA
MA1577.2	TAATTA
MA0861.2	ACATGTCTGGACATGT
MA1970.2	TCTTATCT
MA1123.3	CCAGATGT
MA0633.3	CAGCTG
MA0721.2	TAATTA
MA0093.4	GTCATGTGAC
MA0526.5	GTCACGTGAC
MA0722.2	CTAATTA
MA0723.3	TAATTA
MA0693.4	GAGTTCA
MA1578.2	CCCCCC
MA0725.2	CTAATTA
MA0726.2	CTAATTA
MA1627.2	CCTCCCCCAC
MA0844.2	GCCACGTCATC
MA0095.4	CAAAATGG
MA0748.3	ATGGCGG
MA0749.2	TATCGCGACATA
MA1971.2	CGAAACC
MA1649.2	CTGGAAC
MA1650.2	CCGCGCAC
MA0698.2	ATCCAGATGTT
MA1579.2	CTCCAGAA
MA0527.2	TCTCGCGAGA
MA1581.2	CCTTGAGCC
MA0750.3	CCGGAAGTG
MA0694.2	CGACCACCGA
MA0695.2	CGACCACC
MA0103.4	CACCTG
MA2002.2	TCAGGCA
MA1651.2	CAAAATGGCTGCC
MA1583.2	TGCCGCA
MA0146.3	GCCGAGGCCT
MA1628.2	CAGCAGG
MA1629.2	CACAGCAGG
MA0697.3	CAGCAGG
MA0751.2	GACCCCCCGCTGTG
MA1584.2	GACCCCCCGCTGTGC
MA1709.2	CAACAGAAACC
MA1585.2	ATAGTAGGT
MA1973.2	CCCAGGCTAGCCCA
MA1652.2	GGAGGTGAG
MA1589.2	AGGAGTGGAATTGCTGGGT
MA1653.2	CCCCTCCCCC
MA1654.2	AATAGGGAGCCATGGAAGGTT
MA1725.2	TGCTGTTCC
MA1974.2	TATATACCAT
MA1975.2	TCATCAAGGTCCT
MA1710.2	GAGGCAAGGG
MA0528.3	GGGAGGA
MA1592.2	TATGAGTTCTCG
MA1630.3	GGGGGAGGGG
MA1154.2	CTTTCCCACAACACG
MA1593.2	ACAGCAGA
MA1976.2	GGGGGGCCCGGGGGCCTGTG
MA1977.2	AGACAAGGATGGTT
MA1726.2	TGCAGAGCCC
MA1655.2	GAACAGCC
MA1711.2	CCGCTTCACCACGGCA
MA1978.2	TAAATATAAATGGACTAATT
MA1125.2	AAAAAAAA
MA0752.2	CCATCCCATAATACTC
MA1979.2	TATCTGGGCA
MA1727.2	GGCGCCA
MA1656.2	AAGCCCAACC
MA1712.2	GGCTCCGGGCCCCGGGG
MA1981.2	GAAAGGAAAGGGGC
MA1728.2	TGCTGCCC
MA1982.2	GGCTAGAGCGGCCC
MA1983.2	TCTGTTACTTGCAGCCAAA
MA1713.2	CCGCCGCTCC
MA1657.2	AAGAGTTAA
MA1984.2	TTAAGAGCTCA
MA1714.2	GGACTAGGAGGACAAAATG
MA1729.2	CCAAGAAGAAT
MA1599.2	GGCCAAGCCCC
MA1600.2	ACAGTCCACCCCTT
MA1986.2	GGGCCCAC
MA1987.2	GAGCACCAAAGGGGGGA
MA1730.2	GCTGTGCCT
MA0753.3	CCCCCCCCAC
MA1716.2	ACCCACAATGCACCGCG
MA1731.2	CCCTCTCTG
MA1717.2	ACCTACCG
MA1719.2	TGGGGACATGCAGGG
MA1720.2	GAGATTACAGCA
MA1721.2	GGCAGCGGCAGCGG
MA1602.2	CGTCTACACGG
MA1722.2	GCATAACTGCCCTGCGTC
MA2094.1	CGTCACGCATGACTGC
MA2457.1	ACCATGGAATACTATGCAGCCA
MA2458.1	GAATAGTATTCCATT
MA0089.2	AGAATGACTCAGCAAT
MA2462.1	TAATCAAAACAGTA
MA2469.1	GTAAACA
MA2470.1	TCCCTAA
MA0089.3	ATGACTCAGCA
MA2487.1	ACCTCA
MA2488.1	AAAACTTTATT
MA2489.1	ATTTTCTATTTCTTCTTG
MA2490.1	AAACTCCTACTC
MA2491.1	CCTTCACCTGATTAG
MA2492.1	GGTGTGAAC
MA2493.1	GCCTGCTACAGAG
MA2494.1	CACCTCCTCCAGGAAGCCTTCC
MA2495.1	GACAGCATAT
MA2496.1	GCGAGAGCGAG
MA2497.1	GTGCAAAGGCCCTGAGGCAG
MA2504.1	TTGACCAA
MA2506.1	AAACTTT
MA2507.1	ACACATGTGATAATGGACATGTGT
MA2508.1	TTTTTTCCCCAAAA
MA2509.1	GGGATCCACT
MA2510.1	GGGGGCCCGCGAGGGGGG
MA2511.1	AGGACCCC
MA2512.1	CTCCCCTTC
MA2513.1	ATTCCATTCGATTCCATTCGA
MA2514.1	CTAAGCGC
MA2515.1	GTGTGTGCGCGC
MA2516.1	AAGTCCTTCCTGATGTCTAACCTCAATCCC
MA2517.1	GCAGGGGTGAGG
MA2518.1	CCCCAATAAAAACTCTGGACACTG
MA2519.1	CCTCGGTTTCCTCA
MA2520.1	GTCCTACCC
MA2521.1	CCTGGGTTCAAATCCTGCC
MA2522.1	CTTTCACTTTCTCT
MA2523.1	CCAATGCAATAAG
MA2524.1	TGTGTTAAGAAAGATTCTGAG
MA2525.1	GCAATGAAGGGTGA
MA2526.1	AAAAACAGTGTTTC
MA2527.1	TAAGCAATCCC
MA2528.1	CAGTGCCAAGGGAAGG
MA2529.1	TTCCTAATCAGTTGACTTT
MA2530.1	CTTAGGGAAGCCCA
MA2531.1	TTCTCACTTCTCCCT
MA2532.1	CTGCTGAAAC
MA2533.1	GAGACTAGGGAGGGAC
MA2534.1	GGGAATCCCCT
MA2535.1	CAATGGCGCAATC
MA2536.1	GCCACCTGCT
MA2537.1	ATACATATT
MA2538.1	CCGCCGCCGCCG
MA2539.1	GCCGGCCGGC
MA2540.1	ACGGCA
MA2541.1	TGCCACGTGGCA
MA2542.1	CTGGCCAA
MA2543.1	AAAGGGTTAA
MA2544.1	AATATTTGGGATATACTTATACTA
MA2545.1	GGCGGGGAGGGTGTATTGTCACAA
MA2546.1	CCGCGCCCGCGCC
MA2547.1	GTAGGTGCAGG
MA2548.1	ATAAGATAAATAGGAAA
MA2549.1	TTTCCTATTTATCTCACT
MA2550.1	GGGTCCCTAGCACCT
MA2551.1	GTGATGGGAAGCTCATTACCT
MA2552.1	CCATTTAAC
MA2553.1	CTACGGAAGCCGAAGGG
MA2554.1	TCTCCATCTCTTTT
MA2555.1	TATGGGCACTGTTC
MA2556.1	TTAATGAGGAAACCA
MA2557.1	GATC
MA2558.1	AGTTACTAC
MA2559.1	ACATG
MA2560.1	CGAATATAAGTCGA
MA2561.1	ACCCCGTTAATACGA
MA2562.1	CCCGTTATAACGC
MA2563.1	CTAATTCGGACT
MA2564.1	CTAGATTGCTCC
MA2565.1	AGGAGG
MA2566.1	GCCGGC
MA2567.1	ATTGTTCATCCGTTT
MA2568.1	AAAGAACAGC
MA2569.1	CGAGGGTTATCAGCAC
MA2570.1	GCCCTCCCTCC
MA2571.1	TGCGCA
MA2572.1	CCTAA
MA2573.1	GTGGCGTGGCTGATT
MA2574.1	TTTTTGTCCTGTCCTG
MA2575.1	TTAAG
MA2576.1	CAGGGGC
MA2577.1	GCAGGGGC
MA2578.1	GGAGGGCGG
MA2579.1	CGGGTTC
MA2580.1	AGTACACTCC
MA2581.1	GGAGCTGC
MA2582.1	TGGGCAACAT
MA2583.1	CCGCCCGCCCGC
MA2584.1	TGTGCATGCAT
MA2585.1	CGTCTACACC
MA2586.1	TGTAGATTTCTAT
MA2587.1	CATCCCCCTGCCTCC
MA2588.1	CGCGACCC
MA2589.1	AGCTGGTTCCAG
MA2590.1	AGCACCCAAGTCACC
MA2591.1	CAGAGAGGGGCTCCC
MA2592.1	CATGTT
MA2593.1	AAAAAAAAAA
MA2594.1	GACATCCGGGT
MA2595.1	AATGCAATAA
MA2596.1	GCAGGGGC
MA2597.1	TGGGATTA
MA2598.1	CACTTAAGTG
MA2599.1	TTATGCAG
MA2600.1	AAAAGGATTA
MA2601.1	CCACGTGG
MA2602.1	CGGCACCC
MA2603.1	GGGGCCACA
MA2628.1	CACGTGAC
MA2629.1	AGGTGTGAGGGATTAG
MA2674.1	ACGTGC
MA2675.1	AAATCGTTT
MA2676.1	ACGTTCCA
MA2677.1	ACTAATTAC
MA2678.1	CATGTA
MA2679.1	AACATG
MA2680.1	CATGTT
MA2681.1	GGGGGCGGGGC
MA2682.1	AAAGTT
MA2683.1	ACGTGC
MA2684.1	CCATTGTT
MA2685.1	GTTAATTG
MA2686.1	CAGGTG
MA2687.1	TGGCTTTTTTCACTTAGCAC
MA2688.1	CCATCCCCTTTCCAGC
MA2689.1	TTCTCTTCTGTTTCCT
MA2690.1	GACATGCTTGGACTTTCTGACTTG
MA2691.1	AGAAGCAGCCAGG
MA2692.1	TCCAAATTTGGA
MA0750.4	GGGGTCTC
MA0695.3	GGTGGTCG
MA2330.2	CTTCCAGGACCT
MA1589.3	GCAATTCCGCTC
MA0088.3	CGGGGCATTCTGGGAATTGTAGT
MA1976.3	GGGGGCCAGT
MA0116.2	GCTCCCTGGGGAG
MA0002.2	GTCTGTGGTTT
MA2484.1	GATACAAAGTATC
MA2485.1	TTAATCTAATCAA
MA2486.1	TGACTCA
MA1540.3	AGTTCAAGGTCA
MA0505.3	TGACCTTGA
MA0506.3	CTGCGCCTGCGC
MA1618.2	ACAGATGTT
MA0002.3	CTGTGGTTT
MA2503.1	TCTCGCGAGA
MA0089.1	CATGAC
