MA0112.4	AGGTCACGGTGACCT
MA0592.4	TCAAGGTCA
MA0141.4	TCAAGGTCAT
MA0643.2	TCAAGGTCA
MA0098.4	ACCGGAAGT
MA1484.2	ACCGGAAGT
MA0761.3	ACAGGAAGT
MA1940.2	CGGAAGTAATTA
MA1941.2	CCGGAAACAGGTG
MA1942.2	AAACAGGAAGT
MA1943.2	CCGGAAACATAAA
MA0763.2	ACCGGAAGT
MA0764.4	ACCGGAAGT
MA0765.4	ACCGGAAGT
MA1944.2	CGGAAGTAATTA
MA1945.2	GGCGGAAGCAGGTG
MA1946.2	GTAAACAGGAAG
MA1947.2	GTAAACAGGA
MA1948.2	CGGAAGTAATTA
MA0645.2	GCGGAAGTG
MA0156.4	ACCGGAAGT
MA0475.3	ACCGGAAGT
MA1949.2	ACCGGAAGTAATTA
MA1950.2	TAAACAGGAAG
MA0476.2	TGACTCAT
MA1951.2	GATGACGTCATCA
MA0099.4	ATGAGTCAT
MA1126.2	ATGACGTCAT
MA1134.2	ATGAGTCAT
MA1140.3	ATGACGTCATC
MA0490.3	ATGACTCAT
MA1141.2	ATGAGTCAT
MA0492.2	GATGATGTCAT
MA0491.3	ATGACTCAT
MA1135.2	ATGACTCAT
MA0477.3	ATGACTCAT
MA1128.2	ATGACTCAT
MA1137.2	ATGACTCAT
MA1142.2	ATGACTCA
MA1143.2	ATGACGTAA
MA0478.2	GATGACTCAT
MA1130.2	ATGAGTCAT
MA1131.2	ATGACGTCAT
MA1138.2	ATGACTCAT
MA1139.2	ATGACGTCAT
MA1144.2	ATGACTCAT
MA1145.2	ATGACGTCAT
MA1952.2	AAACAGGAAGT
MA0682.3	TAATCC
MA0851.2	GTAAACAAA
MA0852.3	GTAAACA
MA1103.3	GTAAACA
MA1607.2	TATGTAAACA
MA1953.2	GTAAACAGGAAGT
MA1954.2	ATCAACAGGAAGT
MA1955.2	GTAAACAGGAAGT
MA1956.2	GTAAACAGGAAGT
MA0157.4	GTAAACA
MA0481.4	GTAAACA
MA0593.2	AGTAAACAA
MA0062.4	CACTTCCTGT
MA0140.3	TTATCTGTGAGGAGCAG
MA0036.4	CTTATCT
MA1104.3	TCTTATCT
MA0143.5	ACAATGG
MA1990.2	AGACCACCCA
MA0734.4	GACCACCCA
MA1491.3	GGACCACCCACGTCG
MA0735.2	AGACCCCCCACGAAG
MA0615.2	TACGTA
MA0647.2	AAACCGGTTT
MA1105.3	AACAGGTT
MA0092.2	GTCTGGCAT
MA0522.4	CACCTGC
MA1099.3	GGCACGTG
MA0649.2	GACACGTGC
MA0738.2	ATGCCC
MA1106.2	ACGTGC
MA0131.3	ACGTCCGC
MA0043.4	TTATGCAAC
MA0895.2	TAGTTAA
MA0484.3	CAAAGTCCA
MA1566.3	AGGTGTGAA
MA1958.2	CGGAAGTCGTAAA
MA1508.2	AACAGGAA
MA0050.4	TGAAACTGAAA
MA0051.2	GGAAAGCGAAACCAAA
MA1418.2	GAAACGGAAACCGAAAC
MA0772.2	CGAAAGCGAAAGT
MA0652.2	CGAAACCGAAACT
MA1608.2	CCATTAG
MA0914.2	CACTTA
MA0656.2	ATGACGTCAT
MA1132.2	ATGACTCA
MA1133.2	TGTGACGTCAT
MA1512.2	CCACGCCCAC
MA0657.2	TGCCACGCCCCTTTTTG
MA1513.2	CCCCGCCC
MA1515.2	CCACGCCC
MA1516.2	GACCACGCCC
MA0039.5	CCCCACCC
MA1517.2	CCACGCCCA
MA1959.2	GGGCGGGG
MA1107.3	GCCACACCCAC
MA0768.3	CCTTTGAT
MA0135.2	AAATTAATTAAT
MA0704.2	TAATTA
MA0702.3	TTAATTA
MA0703.3	TTAATTAA
MA1520.2	TGCTGAGTCAGCA
MA0501.2	ATGACTCAGCA
MA0117.3	AAAATGCTGAC
MA0495.4	GTCAGCATTTT
MA0659.4	GCTGACTCAGCA
MA0059.2	ACCACGTGGT
MA0147.4	CCACGTGC
MA1522.2	CCCCTCCC
MA0029.2	AGATAAGATAA
MA0052.5	CTAAAAATAG
MA0497.2	CTAAAAATAGA
MA0498.3	TGACA
MA1639.2	CATCAATCA
MA1640.2	TGATTTATG
MA0775.2	TTGACAG
MA0661.2	CTAATTA
MA1960.2	AGGTGTTAATG
MA0620.4	GTCACGTGAC
MA0621.2	TTAATTA
MA0622.2	CACGTG
MA0664.2	ATCACGTG
MA0825.2	CACGTG
MA0707.3	TAATTA
MA1523.2	CACTCAC
MA0666.3	CAATTA
MA1108.3	CACATG
MA0100.4	CAACTG
MA0104.5	CCACGTGG
MA0056.3	AATCCCCA
MA1109.2	ACAGATGG
MA0606.3	ATGGAAAA
MA0624.3	TGGAAA
MA0152.3	AATGGAAA
MA0625.3	TGGAAA
MA1525.3	ATGGAAAAT
MA0150.3	ATGACTCAGCA
MA0670.2	TGCCAA
MA1643.2	CCTGGCATTGTGCCAAG
MA0161.3	CTTGGCA
MA1527.2	TTGGCACGGTGCCAA
MA0025.3	TTATGCAAT
MA0671.2	TGCCAA
MA1528.2	TTGGCACGGTGCCA
MA0778.2	GGGGATTCCCC
MA0060.4	CCAATCAG
MA0502.3	TCATTGGCC
MA1644.2	CCAATCA
MA1529.2	GGCCGCAGCTGCGTCC
MA0673.2	CCACTTGA
MA0626.2	GCACGTGT
MA1995.2	TCGTGAC
MA1531.2	GGGTCAGTAGGTCA
MA1996.2	AGGTCA
MA0494.2	TGACCTAAAGTAACCT
MA1110.3	AGGTCA
MA1146.2	AGGTCATTGACCT
MA1535.2	AGGTCA
MA0504.2	GGGGTCAGAGGTCA
MA1536.2	AGGTCA
MA0017.3	AAAGGTCAAGGG
MA1537.2	AGGTCAAAGGTCA
MA1111.2	AAGGTCA
MA0677.2	AGGTCAAAGGTCA
MA0113.4	GGTACATAATGTTCC
MA0727.2	GGAACACAATGTTCC
MA1112.3	AAAGGTCA
MA0160.3	AAAGGTCA
MA1147.2	AGGTCATTGACCC
MA1541.2	CAAGTTCAAGGTCA
MA0711.2	TAATCC
MA0712.3	GGGATTA
MA1545.2	ACCGTTA
MA1961.2	GGGGGCGGGGG
MA0680.3	TAATCAATTA
MA0070.2	ATCAATCAA
MA1113.3	CATAAATCA
MA1114.2	TGAGTGACAGG
MA0782.3	TGAGTGACAG
MA1615.2	TGGGGCCA
MA1548.2	GGGCCCCC
MA0784.3	CTAATTTGCATAAT
MA0785.2	TATGCAAAT
MA0507.3	ATATGCAAATTAG
MA0628.2	TAATTA
MA1549.2	TAATGAG
MA0793.2	AGCTCATTA
MA1148.2	ATGTAGGTCAAAGGTCA
MA1550.2	GGGGTCAAAGGTCA
MA0066.2	TAGGTCACGGTGACCTACT
MA0065.3	AGGGCAAAGGTCA
MA0508.4	CTTTCTC
MA1616.2	GAAAACCTGGA
MA1647.3	CCTTGAAACTG
MA1999.2	GTTCTCCATCT
MA1723.2	GGTGGGCAGGGAGGAAGCAG
MA0716.2	TAATTA
MA0075.4	CTAATTA
MA1149.2	AGGTCATGTAGAGGTCA
MA1552.2	AAGGTCATGACCT
MA0859.2	AAGGTCAAAAGGTCA
MA1553.2	AGGTCATGACCTT
MA0717.2	CAATTA
MA1116.2	TGGGAA
MA1117.2	ATTCCCC
MA0138.3	TCAGCACCATGGACAGCGCC
MA0600.3	GTTGCCATGGCAAC
MA0799.3	GTTGCTTAGCAAC
MA0510.3	GTTGCCATGGCAAC
MA1554.2	CGTTGCTA
MA0719.2	TAATCC
MA0072.2	TAAGTAGGTCA
MA1150.2	AATTAGGTCA
MA1151.2	AAGTAGGTCA
MA0073.2	CCCCAAACCACCCCCCCCC
MA1963.2	CTAATAA
MA0743.3	TCAACAGGTG
MA0744.3	GCAACAGGTG
MA0630.2	TAATTG
MA0720.2	TAATTA
MA1118.2	GTAACCTGA
MA1119.2	TGAAACCTGAT
MA0631.2	ATAGGGTATCA
MA2001.2	AACCTGA
MA1964.2	CCAGAC
MA1153.2	TGTCTAG
MA0745.3	GCACCTGT
MA0869.3	GAACAAAG
MA1561.2	ACCGAACAAT
MA1120.2	ACAATGG
MA0867.3	AACAAAGG
MA0087.3	AACAATGG
MA0868.3	AACAATG
MA0077.2	CCATTGTT
MA0746.3	GCCACGCCCAC
MA0829.3	ATCACCTGAT
