MA0004.1	CACGTG
MA0069.1	TTCACGCATGAGTT
MA0071.1	ATCAAGGTCA
MA0074.1	GGGTCAACGAGTTCA
MA0101.1	GGGGATTTCC
MA0107.1	GGGAATTTCC
MA0115.1	AAAGGTCAAAGGTCAAC
MA0119.1	TGGCACCATGCCAA
MA0130.1	ATCCAC
MA0142.1	CTTTGTTATGCAAAT
MA0149.1	GGAAGGAAGGAAGGAAGG
MA0151.1	ATTAAA
MA0155.1	TGTCAGGGGGCG
MA0159.1	AGGTCACGGAGAGGTCA
MA0163.1	GGGGCCCAAGGGGG
MA0145.2	CCAGTTCAAACCAG
MA0468.1	TAATTTAATCA
MA0515.1	CCATTGTTTT
MA0258.2	AGGTCACCCTGACCT
MA0595.1	ATCACCCCAC
MA0596.1	ATGGGGTGAT
MA0599.1	GCCCCGCCCC
MA0604.1	ATGACGTA
MA0608.1	GCCACGTGT
MA0614.1	GTAAACAA
MA0636.1	GTCACGTGAC
MA0641.1	AACCCGGAAGTG
MA0486.2	TTCTAGAACGTTC
MA0653.1	AACGAAACCGAAACT
MA0655.1	ATGACTCAT
MA0660.1	GCTATAAATAGC
MA0663.1	ATCACGTGAT
MA0512.2	GGGGTCAAAGGTCA
MA0083.3	TGACCATATATGGTCA
MA0009.2	TCACACCTAGGTGTGA
MA0689.1	TAGGTGTGAAG
MA0691.1	AACAGCTGAT
MA0715.1	TAATTTAATTA
MA0724.1	ACCGATTAG
MA0728.1	GAGGTCAAAAGGTCA
MA0729.1	GAGGTCAAAAGGTCAATG
MA0730.1	AGGTCATGCAAAGGTCA
MA0472.2	ACGCCCACGCA
MA0736.1	GACCCCCCGCGAAG
MA0737.1	GACCCCCCACGAAG
MA0741.1	GCCACGCCCCC
MA0758.1	TTTTCCCGCCAAAA
MA0770.1	TTCTAGAACGTTC
MA0771.1	TTCTAGAACGTTC
MA0773.1	ACTATAAATAGA
MA0774.1	TTGACAGC
MA0776.1	ACCGTTAACGGT
MA0777.1	AACCGTTAAACGGTC
MA0105.4	AGGGGAATCCCCT
MA0783.1	TGACAGGTGTCA
MA0792.1	TATGCAAAT
MA0794.1	CAAGACGCCTTA
MA0795.1	CGTCTAGACA
MA0796.1	TGACAGCTGTCA
MA0797.1	TGACAGCTGTCA
MA0511.2	AAACCGCAA
MA0801.1	AGGTGTGA
MA0803.1	AGGTGTGA
MA0808.1	ACATTCCA
MA0822.1	TGGCACGTGCCA
MA0823.1	GACACGTGCC
MA0838.1	ATTGCGCAAT
MA0032.2	TATGTAAATAT
MA0848.1	GTAAACA
MA0849.1	GTAAACA
MA0855.1	GGGGTCAAAGGTCA
MA0856.1	GGGGTCAAAGGTCA
MA0857.1	AAAGGTCAAAAGGTCA
MA0858.1	AGGTCAACTAAAGGTCA
MA0860.1	AAGGTCACGAAAGGTCA
MA0525.2	AACATGTTGGGACATGTC
MA0106.3	AACATGCCCGGGCATGTC
MA0862.1	TTACGTAA
MA0863.1	TTTGCACACGGCAC
MA0024.3	TTTGGCGCCAAA
MA0872.1	TGCCCTGAGGGCA
MA1124.1	CATTCATTCATTC
MA1155.1	TGCACACACTGAAAA
MA1127.1	GATGACGTCAT
MA1129.1	ATGACGTCAT
MA1136.1	ATGACGTCAT
MA1421.1	AAAGATCAAAGG
MA1489.1	GTAAACAA
MA1493.1	GGCACGTGTT
MA1509.1	ACCGAAACT
MA1538.1	AAGGTCATTGACCTT
MA1539.1	AAGGTCACTGACCTT
MA1555.1	GAGGTCATGACCTC
MA1556.1	GAGGTCATGACCTC
MA1557.1	TGTCTAGACA
MA1570.1	AACATATGTT
MA1571.1	TGACAGCTGTCA
MA1572.1	TGACAGCTGTCA
MA1587.1	CCTCGACCTCCTGA
MA1588.1	GAATTCTTGGTTGAC
MA1594.1	AGGGGACATCACTACAGATCCCAC
MA1596.1	GCCTCAGCCTCCCGAG
MA1597.1	CCCAGGGAAGCCATTTC
MA2096.1	CTCGAACCC
MA1715.1	CCCCACTCCTGGTAC
MA2097.1	GCTTTTCCCACA
MA2098.1	AAGAAACCT
MA2099.1	CGGCCTCA
MA1718.1	GTATGGATATACCACATTTT
MA2100.1	AAGTGTTAACAGAGCCTC
MA2101.1	GATAAGAACAGC
MA2102.1	AATCGATT
MA1931.1	ACCGGAAGTAATTA
MA1957.1	ACCGGAAGTCATTA
MA1962.1	AATTTGCATAACAATGG
MA1972.1	GGAGGCACTGGAATG
MA1980.1	AAGAGGCTAAAAGCA
MA1985.1	GGGGCGATGACCACT
MA2117.1	GTAAACA
MA2120.1	TAGAAAGGTGCAT
MA2121.1	GCCCAGGCTGCG
MA2122.1	TCCCCAGGGGA
MA2124.1	ATTTTTAT
MA2125.1	ATCCCAGCC
MA2126.1	GGGCGCCA
MA0079.5	GGGGCGGGG
MA0509.3	CGTTGCCATGGCAACG
MA0516.3	GGGGCGGGG
MA0607.2	ACCATATGGT
MA0685.2	GGGGCGGGG
MA0740.2	GGGGCGGGG
MA0742.2	GGGGCGGGG
MA0798.3	CGTTGCCATGGCAACG
MA0831.3	GTCACGTGAC
MA0884.2	TTGATTTAATCAA
MA1511.2	GGGGCGGGG
MA1532.2	TGGGTTAGTAGGTCA
MA1547.2	TTAATCCC
MA1573.2	ACTACAATTCCCAG
MA1601.2	GTGGGAAAGCCT
MA1633.2	ATGACTCAT
MA2323.1	AAGAACAAATTGTTCTT
MA2324.1	CTGACCA
MA2325.1	CGCACGTAC
MA2326.1	AGGAAG
MA2327.1	ACAGTCTGT
MA2328.1	CCCGCCCCGC
MA2329.1	CACTTCCGG
MA2331.1	AGGCCAGCAATATACCTTTAC
MA2332.1	ACAGGAAGT
MA2333.1	AATTCTA
MA2334.1	TGCTAATGCAACA
MA2335.1	ATTTGATGAAAGACATAAATCTACAGATC
MA2336.1	AAGCACT
MA2337.1	AGGTCA
MA2338.1	AAGGTCA
MA2340.1	ACCGGAAGTG
MA0619.2	TTTGAAT
MA0006.2	GCGTG
MA0690.3	TTCACACCTT
MA0007.4	GGGAACACGGTGTACC
MA1463.2	CTAATTAA
MA0601.2	TATTAAT
MA0602.2	TAATATTG
MA0259.2	ACGTG
MA1464.2	GTCACGTG
MA0603.2	GTCACGTG
MA1100.3	GCAGCTGC
MA1631.2	GCACCTGCC
MA1632.2	ATGAGGTCAT
MA1988.2	TGACTCA
MA0605.3	ATGACGTCAT
MA0833.3	ATGATGCAAT
MA1466.2	TGATGACGTGGCA
MA0834.2	ATGACGTCAT
MA0591.2	GATGACTCAGCA
MA0496.4	CTGACTCAGC
MA1101.3	CATGACTCATC
MA1470.2	AAAGCATGACGTCATGATT
MA1471.2	AAACCATTA
MA1634.2	TGACTCA
MA0462.3	TGACTCA
MA0489.3	TGACTCAT
MA0488.2	ATGATGTCAT
MA1989.2	AAACCACAA
MA0463.3	GCTTTCGAGGAAT
MA1472.3	ACAGCTGT
MA0464.3	TCACGTGA
MA1928.2	TGAGTCA
MA0466.4	ATTGCGCAAT
MA0836.3	TTGCACAA
MA1636.2	ATGATGCAAT
MA0819.3	ACACGTG
MA0018.5	TGATGTCA
MA0638.2	TGCCACGTCATC
MA0839.2	TGCCACGTCATCA
MA1474.2	GCCACGTCAC
MA1475.2	GTGACGTCA
MA0840.2	ATGACGTCAC
MA0609.3	GTGACGTCAC
MA0139.2	GCCACCAGGGGGCGC
MA1929.2	CTGCAGTTCCAGCTGTGGCCACCAGGGGGCG
MA1930.2	CTGCAGTTCCCCCTTCTGGCCACTAGGGGGCGC
MA0754.3	TAATCGATA
MA0755.2	TAATCGATA
MA0639.2	ATTACGTAAC
MA0019.2	ATGCAATCCC
MA0880.2	CAATTA
MA1707.2	TTGTTACATT
MA1478.2	GTTACA
MA1480.2	AGATAATCC
MA0611.3	TGATTCAATCA
MA0864.3	TTTTGGCGCCATT
MA0469.4	TTTTGGCGCCAAAA
MA0756.3	GATCGATA
MA0470.3	TTTTGGCGCCATT
MA0471.3	GGCGGGAA
MA0154.5	TCCCCAGGGGA
MA1637.2	CCCAAGGGA
MA0162.5	ACGCCCACGC
MA0732.2	ACGCCCACGCA
MA0733.2	ACGCCCACGCA
MA0598.4	CACTTCCTG
MA0473.4	CAGGAAGTG
MA1483.3	ACCCGGAAGT
MA0640.3	CACTTCCTG
MA0028.3	ACCGGAAGT
MA1708.2	GCGGAAGTG
MA1932.2	ACCGGAAGTTGTAAA
MA0686.2	ACCCGGATGT
MA1933.2	CCGGAAGTGGCGTGA
MA0828.3	ATCACGTGAT
MA0843.2	ATTACGTAAC
MA0759.3	ACCGGAAGT
MA0076.3	CACTTCCGG
MA0760.2	ACCGGAAGT
MA1934.2	CCGGAAACACCTG
MA1935.2	AAACAGGAAG
MA1936.2	GTAAACAGGAAG
MA0480.3	GTAAACA
MA1937.2	CGGAAGTCGTAAA
MA0058.4	CACGTG
MA1938.2	AGCAGCTGCCGGAAGT
MA1939.2	CCGGAAATCACGTGAT
MA0474.4	ACAGGAAGTG
MA0112.4	AGGTCACGGTGACCT
MA0592.4	TCAAGGTCA
MA0141.4	TCAAGGTCAT
MA0643.2	TCAAGGTCA
MA0098.4	ACCGGAAGT
MA1484.2	ACCGGAAGT
MA0761.3	ACAGGAAGT
MA1940.2	CGGAAGTAATTA
MA1941.2	CCGGAAACAGGTG
MA1942.2	AAACAGGAAGT
MA1943.2	CCGGAAACATAAA
MA0763.2	ACCGGAAGT
MA0764.4	ACCGGAAGT
MA0765.4	ACCGGAAGT
MA1944.2	CGGAAGTAATTA
MA1945.2	GGCGGAAGCAGGTG
MA1946.2	GTAAACAGGAAG
MA1947.2	GTAAACAGGA
MA1948.2	CGGAAGTAATTA
MA0645.2	GCGGAAGTG
MA0156.4	ACCGGAAGT
MA0475.3	ACCGGAAGT
MA1949.2	ACCGGAAGTAATTA
MA1950.2	TAAACAGGAAG
MA0476.2	TGACTCAT
MA1951.2	GATGACGTCATCA
MA0099.4	ATGAGTCAT
MA1126.2	ATGACGTCAT
MA1134.2	ATGAGTCAT
MA1140.3	ATGACGTCATC
MA0490.3	ATGACTCAT
MA1141.2	ATGAGTCAT
MA0492.2	GATGATGTCAT
MA0491.3	ATGACTCAT
MA1135.2	ATGACTCAT
MA0477.3	ATGACTCAT
MA1128.2	ATGACTCAT
MA1137.2	ATGACTCAT
MA1142.2	ATGACTCA
MA1143.2	ATGACGTAA
MA0478.2	GATGACTCAT
MA1130.2	ATGAGTCAT
MA1131.2	ATGACGTCAT
MA1138.2	ATGACTCAT
MA1139.2	ATGACGTCAT
MA1144.2	ATGACTCAT
MA1145.2	ATGACGTCAT
MA1952.2	AAACAGGAAGT
MA0682.3	TAATCC
MA0851.2	GTAAACAAA
MA0852.3	GTAAACA
MA1103.3	GTAAACA
MA1607.2	TATGTAAACA
MA1953.2	GTAAACAGGAAGT
MA1954.2	ATCAACAGGAAGT
MA1955.2	GTAAACAGGAAGT
MA1956.2	GTAAACAGGAAGT
MA0157.4	GTAAACA
MA0481.4	GTAAACA
MA0593.2	AGTAAACAA
MA0062.4	CACTTCCTGT
MA0140.3	TTATCTGTGAGGAGCAG
MA0036.4	CTTATCT
MA1104.3	TCTTATCT
MA0143.5	ACAATGG
MA1990.2	AGACCACCCA
MA0734.4	GACCACCCA
MA1491.3	GGACCACCCACGTCG
MA0735.2	AGACCCCCCACGAAG
MA0615.2	TACGTA
MA0647.2	AAACCGGTTT
MA1105.3	AACAGGTT
MA0092.2	GTCTGGCAT
MA0522.4	CACCTGC
MA1099.3	GGCACGTG
MA0649.2	GACACGTGC
MA0738.2	ATGCCC
MA1106.2	ACGTGC
MA0131.3	ACGTCCGC
MA0043.4	TTATGCAAC
MA0895.2	TAGTTAA
MA0484.3	CAAAGTCCA
MA1566.3	AGGTGTGAA
MA1958.2	CGGAAGTCGTAAA
MA1508.2	AACAGGAA
MA0050.4	TGAAACTGAAA
MA0051.2	GGAAAGCGAAACCAAA
MA1418.2	GAAACGGAAACCGAAAC
MA0772.2	CGAAAGCGAAAGT
MA0652.2	CGAAACCGAAACT
MA1608.2	CCATTAG
MA0914.2	CACTTA
MA0656.2	ATGACGTCAT
MA1132.2	ATGACTCA
MA1133.2	TGTGACGTCAT
MA1512.2	CCACGCCCAC
MA0657.2	TGCCACGCCCCTTTTTG
MA1513.2	CCCCGCCC
MA1515.2	CCACGCCC
MA1516.2	GACCACGCCC
MA0039.5	CCCCACCC
MA1517.2	CCACGCCCA
MA1959.2	GGGCGGGG
MA1107.3	GCCACACCCAC
MA0768.3	CCTTTGAT
MA0135.2	AAATTAATTAAT
MA0704.2	TAATTA
MA0702.3	TTAATTA
MA0703.3	TTAATTAA
MA1520.2	TGCTGAGTCAGCA
MA0501.2	ATGACTCAGCA
MA0117.3	AAAATGCTGAC
MA0495.4	GTCAGCATTTT
MA0659.4	GCTGACTCAGCA
MA0059.2	ACCACGTGGT
MA0147.4	CCACGTGC
MA1522.2	CCCCTCCC
MA0029.2	AGATAAGATAA
MA0052.5	CTAAAAATAG
MA0497.2	CTAAAAATAGA
MA0498.3	TGACA
MA1639.2	CATCAATCA
MA1640.2	TGATTTATG
MA0775.2	TTGACAG
MA0661.2	CTAATTA
MA1960.2	AGGTGTTAATG
MA0620.4	GTCACGTGAC
MA0621.2	TTAATTA
MA0622.2	CACGTG
MA0664.2	ATCACGTG
MA0825.2	CACGTG
MA0707.3	TAATTA
MA1523.2	CACTCAC
MA0666.3	CAATTA
MA1108.3	CACATG
MA0100.4	CAACTG
MA0104.5	CCACGTGG
MA0056.3	AATCCCCA
MA1109.2	ACAGATGG
MA0606.3	ATGGAAAA
MA0624.3	TGGAAA
MA0152.3	AATGGAAA
MA0625.3	TGGAAA
MA1525.3	ATGGAAAAT
MA0150.3	ATGACTCAGCA
MA0670.2	TGCCAA
MA1643.2	CCTGGCATTGTGCCAAG
MA0161.3	CTTGGCA
MA1527.2	TTGGCACGGTGCCAA
MA0025.3	TTATGCAAT
MA0671.2	TGCCAA
MA1528.2	TTGGCACGGTGCCA
MA0778.2	GGGGATTCCCC
MA0060.4	CCAATCAG
MA0502.3	TCATTGGCC
MA1644.2	CCAATCA
MA1529.2	GGCCGCAGCTGCGTCC
MA0673.2	CCACTTGA
MA0626.2	GCACGTGT
MA1995.2	TCGTGAC
MA1531.2	GGGTCAGTAGGTCA
MA1996.2	AGGTCA
MA0494.2	TGACCTAAAGTAACCT
MA1110.3	AGGTCA
MA1146.2	AGGTCATTGACCT
MA1535.2	AGGTCA
MA0504.2	GGGGTCAGAGGTCA
MA1536.2	AGGTCA
MA0017.3	AAAGGTCAAGGG
MA1537.2	AGGTCAAAGGTCA
MA1111.2	AAGGTCA
MA0677.2	AGGTCAAAGGTCA
MA0113.4	GGTACATAATGTTCC
MA0727.2	GGAACACAATGTTCC
MA1112.3	AAAGGTCA
MA0160.3	AAAGGTCA
MA1147.2	AGGTCATTGACCC
MA1541.2	CAAGTTCAAGGTCA
MA0711.2	TAATCC
MA0712.3	GGGATTA
MA1545.2	ACCGTTA
MA1961.2	GGGGGCGGGGG
MA0680.3	TAATCAATTA
MA0070.2	ATCAATCAA
MA1113.3	CATAAATCA
MA1114.2	TGAGTGACAGG
MA0782.3	TGAGTGACAG
MA1615.2	TGGGGCCA
MA1548.2	GGGCCCCC
MA0784.3	CTAATTTGCATAAT
MA0785.2	TATGCAAAT
MA0507.3	ATATGCAAATTAG
MA0628.2	TAATTA
MA1549.2	TAATGAG
MA0793.2	AGCTCATTA
MA1148.2	ATGTAGGTCAAAGGTCA
MA1550.2	GGGGTCAAAGGTCA
MA0066.2	TAGGTCACGGTGACCTACT
MA0065.3	AGGGCAAAGGTCA
MA0508.4	CTTTCTC
MA1616.2	GAAAACCTGGA
MA1647.3	CCTTGAAACTG
MA1999.2	GTTCTCCATCT
MA1723.2	GGTGGGCAGGGAGGAAGCAG
MA0716.2	TAATTA
MA0075.4	CTAATTA
MA1149.2	AGGTCATGTAGAGGTCA
MA1552.2	AAGGTCATGACCT
MA0859.2	AAGGTCAAAAGGTCA
MA1553.2	AGGTCATGACCTT
MA0717.2	CAATTA
MA1116.2	TGGGAA
MA1117.2	ATTCCCC
MA0138.3	TCAGCACCATGGACAGCGCC
MA0600.3	GTTGCCATGGCAAC
MA0799.3	GTTGCTTAGCAAC
MA0510.3	GTTGCCATGGCAAC
MA1554.2	CGTTGCTA
MA0719.2	TAATCC
MA0072.2	TAAGTAGGTCA
MA1150.2	AATTAGGTCA
MA1151.2	AAGTAGGTCA
MA0073.2	CCCCAAACCACCCCCCCCC
MA1963.2	CTAATAA
MA0743.3	TCAACAGGTG
MA0744.3	GCAACAGGTG
MA0630.2	TAATTG
MA0720.2	TAATTA
MA1118.2	GTAACCTGA
MA1119.2	TGAAACCTGAT
MA0631.2	ATAGGGTATCA
MA2001.2	AACCTGA
MA1964.2	CCAGAC
MA1153.2	TGTCTAG
MA0745.3	GCACCTGT
MA0869.3	GAACAAAG
MA1561.2	ACCGAACAAT
MA1120.2	ACAATGG
MA0867.3	AACAAAGG
MA0087.3	AACAATGG
MA0868.3	AACAATG
MA0077.2	CCATTGTT
MA0746.3	GCCACGCCCAC
MA0829.3	ATCACCTGAT
MA0137.4	TTCCAGGAA
MA0517.2	AGTTTCATTTTCC
MA1623.2	GAAACAGAAA
MA0144.3	TTCTGGGAA
MA0518.2	TTCCAGGAAA
MA1624.2	TTCCAAGAA
MA0519.2	TTCCAAGAA
MA1625.2	TTCCCAGAA
MA0520.2	TTCCTGAGAA
MA0091.2	ACCATCTGTT
MA0108.3	TATAAAA
MA0804.2	TCACACCTAGGTGTGAA
MA1567.3	AGGTGTGAA
MA0521.3	CAGCTG
MA1648.2	CACCTGC
MA0830.3	GCACCTGC
MA0769.3	CTTTGAT
MA0523.2	AGATCAAAG
MA0090.4	ACATTCCAG
MA1121.2	ACATTCC
MA0809.3	ACATTCCA
MA0810.2	TGCCCCCGGGC
MA0003.5	GCCTCAGGC
MA1966.2	CCGGAAGCAGGTG
MA1967.2	ACCGGAAACAGCTG
MA1968.2	AAACCGGTT
MA1122.2	GGCGGGAA
MA0692.2	CACGTGAC
MA0597.3	GCAGGGCA
MA1969.2	GTGTCCTCATGTGACCTC
MA1574.2	GGGTCAAAGGTCA
MA1575.2	TGACCTCATTGAGGTCA
MA1576.2	TGACCTTACGTGACCTTA
MA0861.2	ACATGTCTGGACATGT
MA1970.2	TCTTATCT
MA0633.3	CAGCTG
MA0093.4	GTCATGTGAC
MA0526.5	GTCACGTGAC
MA0722.2	CTAATTA
MA0693.4	GAGTTCA
MA1578.2	CCCCCC
MA0844.2	GCCACGTCATC
MA0095.4	CAAAATGG
MA0748.3	ATGGCGG
MA0749.2	TATCGCGACATA
MA1971.2	CGAAACC
MA1649.2	CTGGAAC
MA1650.2	CCGCGCAC
MA0698.2	ATCCAGATGTT
MA1579.2	CTCCAGAA
MA0527.2	TCTCGCGAGA
MA1581.2	CCTTGAGCC
MA0694.2	CGACCACCGA
MA0103.4	CACCTG
MA2002.2	TCAGGCA
MA0146.3	GCCGAGGCCT
MA1628.2	CAGCAGG
MA1709.2	CAACAGAAACC
MA1585.2	ATAGTAGGT
MA1973.2	CCCAGGCTAGCCCA
MA1652.2	GGAGGTGAG
MA1653.2	CCCCTCCCCC
MA1654.2	AATAGGGAGCCATGGAAGGTT
MA1725.2	TGCTGTTCC
MA1974.2	TATATACCAT
MA1975.2	TCATCAAGGTCCT
MA1710.2	GAGGCAAGGG
MA0528.3	GGGAGGA
MA1592.2	TATGAGTTCTCG
MA1630.3	GGGGGAGGGG
MA1154.2	CTTTCCCACAACACG
MA1593.2	ACAGCAGA
MA1977.2	AGACAAGGATGGTT
MA1726.2	TGCAGAGCCC
MA1655.2	GAACAGCC
MA1711.2	CCGCTTCACCACGGCA
MA1978.2	TAAATATAAATGGACTAATT
MA1125.2	AAAAAAAA
MA0752.2	CCATCCCATAATACTC
MA1979.2	TATCTGGGCA
MA1727.2	GGCGCCA
MA1656.2	AAGCCCAACC
MA1712.2	GGCTCCGGGCCCCGGGG
MA1981.2	GAAAGGAAAGGGGC
MA1728.2	TGCTGCCC
MA1982.2	GGCTAGAGCGGCCC
MA1983.2	TCTGTTACTTGCAGCCAAA
MA1713.2	CCGCCGCTCC
MA1657.2	AAGAGTTAA
MA1984.2	TTAAGAGCTCA
MA1714.2	GGACTAGGAGGACAAAATG
MA1729.2	CCAAGAAGAAT
MA1599.2	GGCCAAGCCCC
MA1600.2	ACAGTCCACCCCTT
MA1986.2	GGGCCCAC
MA1987.2	GAGCACCAAAGGGGGGA
MA1730.2	GCTGTGCCT
MA0753.3	CCCCCCCCAC
MA1716.2	ACCCACAATGCACCGCG
MA1731.2	CCCTCTCTG
MA1717.2	ACCTACCG
MA1719.2	TGGGGACATGCAGGG
MA1720.2	GAGATTACAGCA
MA1721.2	GGCAGCGGCAGCGG
MA1602.2	CGTCTACACGG
MA1722.2	GCATAACTGCCCTGCGTC
MA2457.1	ACCATGGAATACTATGCAGCCA
MA2458.1	GAATAGTATTCCATT
MA2462.1	TAATCAAAACAGTA
MA2469.1	GTAAACA
MA2470.1	TCCCTAA
MA0089.3	ATGACTCAGCA
MA2487.1	ACCTCA
MA2488.1	AAAACTTTATT
MA2489.1	ATTTTCTATTTCTTCTTG
MA2490.1	AAACTCCTACTC
MA2491.1	CCTTCACCTGATTAG
MA2492.1	GGTGTGAAC
MA2493.1	GCCTGCTACAGAG
MA2494.1	CACCTCCTCCAGGAAGCCTTCC
MA2495.1	GACAGCATAT
MA2496.1	GCGAGAGCGAG
MA2497.1	GTGCAAAGGCCCTGAGGCAG
MA2504.1	TTGACCAA
MA2506.1	AAACTTT
MA2507.1	ACACATGTGATAATGGACATGTGT
MA2508.1	TTTTTTCCCCAAAA
MA2509.1	GGGATCCACT
MA2510.1	GGGGGCCCGCGAGGGGGG
MA2511.1	AGGACCCC
MA2512.1	CTCCCCTTC
MA2513.1	ATTCCATTCGATTCCATTCGA
MA2514.1	CTAAGCGC
MA2515.1	GTGTGTGCGCGC
MA2516.1	AAGTCCTTCCTGATGTCTAACCTCAATCCC
MA2517.1	GCAGGGGTGAGG
MA2518.1	CCCCAATAAAAACTCTGGACACTG
MA2519.1	CCTCGGTTTCCTCA
MA2520.1	GTCCTACCC
MA2521.1	CCTGGGTTCAAATCCTGCC
MA2522.1	CTTTCACTTTCTCT
MA2523.1	CCAATGCAATAAG
MA2524.1	TGTGTTAAGAAAGATTCTGAG
MA2525.1	GCAATGAAGGGTGA
MA2526.1	AAAAACAGTGTTTC
MA2527.1	TAAGCAATCCC
MA2528.1	CAGTGCCAAGGGAAGG
MA2529.1	TTCCTAATCAGTTGACTTT
MA2530.1	CTTAGGGAAGCCCA
MA2531.1	TTCTCACTTCTCCCT
MA2532.1	CTGCTGAAAC
MA2533.1	GAGACTAGGGAGGGAC
MA2534.1	GGGAATCCCCT
MA2535.1	CAATGGCGCAATC
MA2538.1	CCGCCGCCGCCG
MA2539.1	GCCGGCCGGC
MA2540.1	ACGGCA
MA2542.1	CTGGCCAA
MA2543.1	AAAGGGTTAA
MA2544.1	AATATTTGGGATATACTTATACTA
MA2545.1	GGCGGGGAGGGTGTATTGTCACAA
MA2546.1	CCGCGCCCGCGCC
MA2547.1	GTAGGTGCAGG
MA2548.1	ATAAGATAAATAGGAAA
MA2549.1	TTTCCTATTTATCTCACT
MA2550.1	GGGTCCCTAGCACCT
MA2551.1	GTGATGGGAAGCTCATTACCT
MA2552.1	CCATTTAAC
MA2553.1	CTACGGAAGCCGAAGGG
MA2554.1	TCTCCATCTCTTTT
MA2555.1	TATGGGCACTGTTC
MA2556.1	TTAATGAGGAAACCA
MA2558.1	AGTTACTAC
MA2559.1	ACATG
MA2560.1	CGAATATAAGTCGA
MA2562.1	CCCGTTATAACGC
MA2563.1	CTAATTCGGACT
MA2564.1	CTAGATTGCTCC
MA2565.1	AGGAGG
MA2566.1	GCCGGC
MA2567.1	ATTGTTCATCCGTTT
MA2568.1	AAAGAACAGC
MA2569.1	CGAGGGTTATCAGCAC
MA2570.1	GCCCTCCCTCC
MA2571.1	TGCGCA
MA2572.1	CCTAA
MA2573.1	GTGGCGTGGCTGATT
MA2574.1	TTTTTGTCCTGTCCTG
MA2575.1	TTAAG
MA2576.1	CAGGGGC
MA2577.1	GCAGGGGC
MA2578.1	GGAGGGCGG
MA2579.1	CGGGTTC
MA2580.1	AGTACACTCC
MA2581.1	GGAGCTGC
MA2582.1	TGGGCAACAT
MA2583.1	CCGCCCGCCCGC
MA2584.1	TGTGCATGCAT
MA2585.1	CGTCTACACC
MA2586.1	TGTAGATTTCTAT
MA2587.1	CATCCCCCTGCCTCC
MA2588.1	CGCGACCC
MA2589.1	AGCTGGTTCCAG
MA2590.1	AGCACCCAAGTCACC
MA2591.1	CAGAGAGGGGCTCCC
MA2592.1	CATGTT
MA2593.1	AAAAAAAAAA
MA2594.1	GACATCCGGGT
MA2595.1	AATGCAATAA
MA2596.1	GCAGGGGC
MA2597.1	TGGGATTA
MA2598.1	CACTTAAGTG
MA2600.1	AAAAGGATTA
MA2601.1	CCACGTGG
MA2602.1	CGGCACCC
MA2603.1	GGGGCCACA
MA2629.1	AGGTGTGAGGGATTAG
MA2674.1	ACGTGC
MA2675.1	AAATCGTTT
MA2676.1	ACGTTCCA
MA2681.1	GGGGGCGGGGC
MA2682.1	AAAGTT
MA2683.1	ACGTGC
MA2684.1	CCATTGTT
MA2686.1	CAGGTG
MA2687.1	TGGCTTTTTTCACTTAGCAC
MA2688.1	CCATCCCCTTTCCAGC
MA2689.1	TTCTCTTCTGTTTCCT
MA2690.1	GACATGCTTGGACTTTCTGACTTG
MA2691.1	AGAAGCAGCCAGG
MA2692.1	TCCAAATTTGGA
MA0750.4	GGGGTCTC
MA0695.3	GGTGGTCG
MA2330.2	CTTCCAGGACCT
MA1589.3	GCAATTCCGCTC
MA0088.3	CGGGGCATTCTGGGAATTGTAGT
MA1976.3	GGGGGCCAGT
MA0116.2	GCTCCCTGGGGAG
MA2485.1	TTAATCTAATCAA
MA2486.1	TGACTCA
MA1540.3	AGTTCAAGGTCA
MA0506.3	CTGCGCCTGCGC
MA0002.3	CTGTGGTTT
MA2503.1	TCTCGCGAGA
